name,logo,image,image_upright,image_caption,trading_name,former_name,type,traded_as,industry,area_served,key_people,products,services,revenue,revenue_year,operating_income,income_year,net_income,net_income_year,assets,assets_year,equity,equity_year,founders,founded,hq_location,hq_location_city,hq_location_country,num_employees,website,footnotes,logo_alt,image_alt,trade_name,founder,brands,logo_size,image_size,location,subsid,owner,foundation,predecessor,num_employees_year,former_names,ISIN,logo_upright,logo_caption,num_locations,num_locations_year,module,parent,homepage,predecessors,owners,location_city,location_country,divisions,locations,members,members_year,production
Adobe Inc.,[[File:Adobe Corporate wordmark.svg|frameless|upright=1.1|class=skin-invert-image]],Adobe World Headquarters.jpg,1.1,"[[Adobe World Headquarters]] in [[San Jose, California]]",Adobe,Adobe Systems Incorporated (1982–2018),[[Public company|Public]],{{Unbulleted list|NASDAQ|ADBE|[[Nasdaq-100]] component|[[S&P 100]] component|[[S&P 500]] component}} {{NASDAQ|ADBE}},[[Software]],Worldwide,{{Unbulleted list|[[Shantanu Narayen]]<br />([[chairman]] & [[Chief executive officer|CEO]])}},{{hlist|[[Adobe Photoshop|Photoshop]] | [[Adobe Acrobat|Acrobat]] | [[Adobe Illustrator|Illustrator]] | [[PDF]] | [[Adobe Lightroom|Lightroom]] | [[Adobe Captivate|Captivate]] | [[Adobe ColdFusion|ColdFusion]] | [[Adobe XD|XD]] | [[Adobe Dreamweaver|Dreamweaver]] | [[Adobe InDesign|InDesign]] | [[Adobe Spark|Spark]] | [[Adobe Premiere Elements|Premiere Elements]] | [[Adobe RoboHelp|RoboHelp]] | [[Adobe FrameMaker|FrameMaker]] | [[Adobe Creative Cloud|Creative Cloud]] | ('''[[List of Adobe software|Full list]]''')}},[[SaaS]],{{increase}} {{US dollar|21.51 billion|link|=|yes}},2024,{{increase}} {{US dollar|6.741 billion}},2024,{{increase}} {{US dollar|5.560 billion}},2024,{{increase}} {{US dollar|30.23 billion}},2024,{{decrease}} {{US dollar|14.11 billion}},2024,{{Unbulleted list|[[John Warnock]]|[[Charles Geschke]]}},"{{Start date and age|1982|12}} <br /> {{Nowrap|[[Mountain View, California]], U.S.}}",[[Adobe World Headquarters]],"[[San Jose, California]]",U.S.,"40,135 (2025)",{{URL|https://www.adobe.com/|adobe.com}},Financials {{as of|2024|11|29|lc|=|y|df|=|US}} .,,,,,,,,,,,,,,,,,,,,,,,,,,,,,,,
"Advanced Micro Devices, Inc.",[[File:AMD Logo.svg|frameless|upright=1.1|class=skin-invert]],"2485 Augustine Drive headquarters in Santa Clara, California.jpg",1.1,"Headquarters in [[Santa Clara, California]], in 2020",,,[[Public company|Public]],"{{Unbulleted list
  | |NASDAQ|AMD|
  | [[Nasdaq-100]] component
  | [[S&P 100]] component
  | [[S&P 500]] component}} {{NASDAQ|AMD}}",{{ubl|[[Semiconductor industry|Semiconductor]]s|[[Computer hardware]]}},Worldwide,"{{Unbulleted list
  | [[Lisa Su]] ([[Chairperson|chair]] & [[Chief executive officer|CEO]])
  | [[Mark Papermaster]] ([[Chief technical officer|CTO]])

| Jean Hu ([[Chief financial officer|CFO]])
| Phil Guido ([[Chief commercial officer|CCO]])}}","{{Flatlist|
* [[List of AMD processors|AMD CPUs]]
* [[List of AMD graphics processing units|AMD GPUs]]
* [[Xilinx|AMD FPGAs]]}}",,{{increase}} {{US$|25.79}} &nbsp;billion (2024),,{{increase}} {{US$|1.900}} &nbsp;billion (2024),,{{increase}} {{US$|1.641}} &nbsp;billion (2024),,{{increase}} {{US$|69.23}} &nbsp;billion (2024),,{{increase}} {{US$|57.57}} &nbsp;billion (2024),,,{{Start date and age|1969|05|01}},,"Santa Clara, California",United States<br/>,"{{circa|28,000}} (2024)",{{URL|https://www.amd.com/|amd.com}},,"Advanced Micro Devices, Inc. logo","Image of AMD's headquarters located in Santa Clara, California",AMD,Team led by [[Jerry Sanders (businessman)|Jerry Sanders]],{{hlist|[[Ryzen]]|[[Radeon]]|[[Athlon]]|[[Epyc]]|[[Threadripper]]|[[Virtex (FPGA)|Virtex]]|[[Vivado]]|[[Sempron]]|[[Duron]]|[[AMD Instinct]]}},,,,,,,,,,,,,,,,,,,,,,,,,,
"Airbnb, Inc.",Airbnb Logo Bélo.svg,"888 Brannan, San Francisco, 2016.jpg",,Headquarters at 888 Brannan Street,,,[[Public company|Public]],{{ubl|NASDAQ|ABNB| (Class A)|[[Nasdaq-100]] component|[[S&P 500]] component}} {{NASDAQ|ABNB}} (Class A),[[Lodging]],Worldwide,{{Unbulleted list|Brian Chesky ([[Chief executive officer|CEO]])|Nathan Blecharczyk ([[Chief strategy officer|CSO]])}},,{{ubl|[[Lodging]]|[[Hospitality]]|[[Homestay]]}},{{increase}} {{US$|11.1 billion|link|=|yes}} (2024),,{{increase}} {{US$|2.55 billion}} (2024),,{{decrease}} {{US$|2.65 billion}} (2024),,{{increase}} US$20.9 billion (2024),,{{increase}} US$8.41 billion (2024),,{{ubl|[[Brian Chesky]]|[[Joe Gebbia]]|[[Nathan Blecharczyk]]}},"{{Start date and age|2008|08}} in [[San Francisco, California]], U.S.",,,,"7,300 (2024)",{{URL|https://www.airbnb.com/|airbnb.com}},,Airbnb logo,,,,,250px,250px,"{{nowrap|[[San Francisco, California]], U.S.}}","{{Plain list|
* Luxury Retreats International Inc.
* [[Tilt.com]] 
* [[Accomable]]
* Aibiying
* Trooly, Inc.
* Deco Software Inc.
* Trip4real Experiences, S.L.
* Larson8, Inc.
* MarketLog, Randorphire Inc.
* [[HotelTonight]]}}",{{ubl|Brian Chesky (10%)|Nathan Blecharczyk (10%)|Joe Gebbia (7%)}},,,,,,,,,,,,,,,,,,,,,
"American Electric Power Company, Inc.",AEP-Logo-Red-Gray.svg,AEP Building 1.jpg,,"[[AEP Building]], the company's headquarters in [[Columbus, Ohio]]",,,[[Public company|Public]],{{ubl|NASDAQ|AEP|[[DJUA]] component|[[Nasdaq-100]] component|[[S&P 500]] component}} {{NASDAQ|AEP}},[[Electric Utility|Electric utilities]],"{{bulleted list|'''AEP Ohio''': [[Ohio]]|'''AEP Texas''': [[Texas]]|'''Appalachian Power''': [[Tennessee]], [[Virginia]], [[West Virginia]]|'''Indiana Michigan Power''': [[Indiana]], [[Michigan]]|'''Kentucky Power''': [[Kentucky]]|'''PSO''': [[Oklahoma]]|'''SWEPCO''': [[Arkansas]], [[Louisiana]], [[Texas]]}}","Bill Fehrman ([[chairman]], [[President (corporate title)|president]] & [[Chief executive officer|CEO]])",{{ubl|[[Electric power generation|Electricity generation]]|[[Electric power transmission]]|[[Electricity distribution]]}},,{{increase}} {{US$|19.72 billion|link|=|yes}} (2024),,{{increase}} {{US$|4.304 billion}} (2024),,{{increase}} {{US$|2.967 billion}} (2024),,{{increase}} {{US$|103.1 billion}} (2024),,{{increase}} {{US$|26.94 billion}} (2024),,,,,,,"16,330",{{Official URL}},,,,,,,,,"[[AEP Building]], [[Columbus, Ohio]], U.S.",,,{{start date and age|1906}},"Originally American Gas and Electric Company (AG&E), formed in 1906 from Electric Company of America.  Became American Electric Power in 1958; merged with Central and Southwest Corporation in 2000.",2024,,,,,,,,,,,,,,,,,,
Amgen Inc.,Amgen.svg,Amgenheadquarters.jpg,,"Headquarters in Thousand Oaks, California",,,[[Public company|Public]],{{unbulleted list|NASDAQ|AMGN|[[Nasdaq-100]] component|[[DJIA]] component|[[S&P 100]] component|[[S&P 500]] component}} {{NASDAQ|AMGN}},[[Biotechnology]],,"{{unbulleted list|[[Robert A. Bradway]] ([[chairman]], [[President (corporate title)|president]] & [[Chief executive officer|CEO]])|[[Howard Y. Chang]] ([[chief scientific officer|CSO]])}}",{{hlist|[[Aimovig]]|[[Aranesp]]|[[Blincyto]]|[[Epogen]]|[[Anakinra|Kineret]]|[[Enbrel]]|[[Kyprolis]]|[[Neulasta]]|[[Neupogen]]|[[Nplate]]|[[Parsabiv]]|[[Prolia]]|[[Repatha]]|[[Sensipar]]/[[Mimpara]]|[[Vectibix]]|[[Xgeva]]}},,{{increase}} {{US$|33.4 billion|link|=|yes}} (2024),,{{decrease}} {{US$|7.26 billion}} (2024),,{{decrease}} {{US$|4.09 billion}} (2024),,{{decrease}} {{US$|91.8 billion}} (2024),,{{decrease}} {{US$|5.88 billion}} (2024),,,,,,,"28,000 (2024)",{{URL|https://amgen.com/}},,,,,,,250px,250px,"{{nowrap|[[Thousand Oaks, California]], U.S.}}",,,{{start date and age|1980|4|8}},,,Applied Molecular Genetics (1980–1983),{{ISIN|sl|=|n|pl|=|y|US0311621009}},,,,,,,,,,,,,,,,
"Analog Devices, Inc.",Analog Devices Logo.svg,,,,,,[[Public company|Public]],{{ubl|NASDAQ|ADI|[[Nasdaq-100]] component|[[S&P 500]] component}} {{NASDAQ|ADI}},[[Semiconductors]],,Vincent Roche ([[chairman]] and [[Chief executive officer|CEO]]),Semiconductors,,{{increase}} {{US$|11.02&nbsp;billion|link|=|yes}} (2025),,{{increase}} {{US$|2.932&nbsp;billion}} (2025),,{{increase}} {{US$|2.267&nbsp;billion}} (2025),,{{decrease}} {{US$|47.99&nbsp;billion}} (2025),,{{decrease}} {{US$|33.82&nbsp;billion}} (2025),,{{ubl|[[Ray Stata]]|[[Matthew Lorber]]}},"{{Start date and age|1965}} in [[Cambridge, Massachusetts]], U.S.",,,,"24,500 (2025)",{{URL|https://www.analog.com/|analog.com}},Financials {{as of|2025|11|01|lc|=|y|df|=|US}} .,,,,,,,,"{{nowrap|[[Wilmington, Massachusetts]], U.S.}}",,,,,,,,1.1,,,,,,,,,,,,,,,
Apple Inc.,{{dark mode switch|[[File:Apple logo white.svg|frameless|upright=0.45|class=logo-nobg]]|[[File:Apple logo black.svg|frameless|upright=0.45|class=logo-nobg]]|logo}},Aerial view of Apple Park dllu.jpg,1.1,"Aerial view of [[Apple Park]], the company's headquarters, in [[Cupertino, California]]",,"{{Unbulleted list | Apple Computer Company (1976–1977) | Apple Computer, Inc. (1977–2007)}}",[[Public company|Public]],{{Unbulleted list | |NASDAQ|AAPL| | [[Nasdaq-100]] component | [[DJIA]] component | [[S&P 100]] component | [[S&P 500]] component}} {{NASDAQ|AAPL}},{{Unbulleted list | Consumer electronics | Software services | Online services}},Worldwide,"{{Unbulleted list
 | [[Tim Cook]] ([[CEO]])
 | [[Arthur Levinson]] ([[chairman]])}}","{{flatlist|
* [[AirPods]]
* [[AirTag]]
* [[Apple TV (device)|Apple TV]]
* [[Apple Vision Pro]]
* [[Apple Watch]]
* [[HomePod]]
* [[iPad]]
* [[iPhone]]
* [[Mac (computer)|Mac]]}}","{{flatlist|
* [[App Store (Apple)|App Store]]
* [[Apple Arcade]]
* [[Apple Card]]
* [[Apple Music]]
* [[Apple Pay]]
* [[Apple TV (streaming service)|Apple TV]]
* [[CarPlay]]
* [[iCloud]]
* [[Pixelmator]]
* [[Shazam (music app)|Shazam]]}}",{{increase}} {{US dollar|416&nbsp;billion}},2025,{{increase}} {{US dollar|133&nbsp;billion}},2025,{{increase}} {{US dollar|112&nbsp;billion}},2025,{{decrease}} {{US dollar|359&nbsp;billion}},2025,{{increase}} {{US dollar|74&nbsp;billion}},2025,{{Unbulleted list | [[Steve Jobs]] | [[Steve Wozniak]] | [[Ronald Wayne]]}},"{{Start date and age|1976|04|01|p|=|yes}} , in [[Los Altos, California]], US",Apple Park,"Cupertino, California",US,"166,000",{{URL|https://www.apple.com/|apple.com}},Financials {{as of|2025|9|27|df|=|US|pre|=|fiscal year ended|lc|=|y}} .<br />References:,,,,,,,,,"{{Unbulleted list | Apple Financing|ref| name=""b350""|{{cite press release | title=Apple introduces Apple Pay Later | website=Apple Newsroom | date=March 28, 2023 | url=https://www.apple.com/newsroom/2023/03/apple-introduces-apple-pay-later/ | access-date=August 21, 2025}}|</ref>| | [[Apple Studios]] | [[Beats Electronics]] | [[Beddit]] | [[Braeburn Capital]] | [[Claris]] | [[Globalstar]] (20%)}}",,,,2025,,{{ISIN|sl|=|n|pl|=|y|US0378331005}},,Variant of the [[Apple logo]] used since 1977,537 [[Apple Store]]s,2025,{{infobox network service provider|child|=|yes|asn|=|714}},,,,,,,,,,,
"Applied Materials, Inc.",Applied Materials Inc. Logo.svg,,,,,,[[Public company|Public]],{{ubl|NASDAQ|AMAT|[[Nasdaq-100]] component|[[S&P 500]] component}} {{NASDAQ|AMAT}},[[Semiconductor]]s,Worldwide,{{ubl|[[Gary E. Dickerson]] ([[President (corporate title)|President]] & [[Chief Executive Officer|CEO]])|Thomas J. Iannotti ([[Chairman]])}},,,{{increase}} {{US$|27.18 billion|link|=|yes}} (2024),,{{increase}} {{US$|7.867 billion}} (2024),,{{increase}} {{US$|7.177 billion}} (2024),,{{increase}} {{US$|34.41 billion}} (2024),,{{increase}} {{US$|19.00 billion}} (2024),,,{{Start date and age|1967|11|10}},"{{nowrap|[[Santa Clara, California]], U.S.}}",,,"35,700 (2024)",{{URL|https://www.appliedmaterials.com/|appliedmaterials.com}},Financials {{as of |2024|10|27|lc|=|y|df|=|US}} .,,,,Michael A. McNeilly,,,,,,,,,,,,1.2,,,,,,,,,,,,,,,
AppLovin Corporation,AppLovin logo.png,,,,,,[[Public company|Public]],{{ubl|class|=|nowrap|NASDAQ|APP| (Class A)|[[Nasdaq-100]] component|[[S&P 500]] component}} {{NASDAQ|APP}} (Class A),[[Mobile technology]],Worldwide,Adam Foroughi ([[Chief executive officer|CEO]]),,,{{Increase}} {{US$|4.71&nbsp;billion|link|=|yes}} (2024),,{{Increase}} {{US$|1.87&nbsp;billion}} (2024),,{{nowrap|Increase| |US$|1.58&nbsp;billion| (2024)}} {{Increase}} {{US$|1.58&nbsp;billion}} (2024),,{{Increase}} {{US$|5.87&nbsp;billion}} (2024),,{{Decrease}} {{US$|1.09&nbsp;billion}} (2024),,{{ublist|[[Adam Foroughi]]|[[Andrew Karam]]|John Krystynak}},{{Start date and age|2012}},[[Stanford Research Park]],"{{nowrap|[[Palo Alto, California]]}}",U.S.,"1,563 (2024)",{{URL|https://www.applovin.com|applovin.com}},,,,,,,,,,MoPub,,,,,,,,,,,,,,,,,,,,,,
Arm Holdings plc,ARM logo dark text May 2025.svg,Arm ABCD building.jpg,1.15,"Arm ""ABCD"" building in Cherry Hinton, Cambridge, England",,{{Unbulleted list|Widelogic Limited (1990)|Advanced RISC Machines Limited (1990–1998)}},[[Public company|Public]] [[subsidiary]],{{Unbulleted list |NASDAQ|ARM| |[[Nasdaq-100]] component|[[London Stock Exchange|LSE]]: ARM (until 2016)|[[FTSE 100]] component (until 2016)}} {{NASDAQ|ARM}},[[Semiconductors]],,"{{Unbulleted list
   |[[Masayoshi Son]] ([[Chairperson|chairman]])
   |[[Rene Haas]] ([[CEO]])}}","[[Microprocessor]] designs, [[graphics processing unit]] (GPU) designs and [[AI accelerator|neural processing unit]] (NPU) designs",,{{increase}} {{US$|4.01&nbsp;billion|link|=|yes}} (2025),,{{increase}} {{US$|831&nbsp;million}} (2025),,{{increase}} {{US$|792&nbsp;million}} (2025),,{{increase}} {{US$|8.93&nbsp;billion}} (2025),,{{increase}} {{US$|6.84&nbsp;billion}} (2025),,"Robin Saxby, Jamie Urquhart, Mike Muller, Tudor Brown, Lee Smith, John Biggs, Harry Oldham, Dave Howard, Pete Harrod, Harry Meekings, Al Thomas, Andy Merritt, David Seal",,,,,"8,330 (2025)",,Financials {{as of|2025|03|31|lc|=|y}} .,,,,,,,,"[[Cambridge]], England, UK",,,{{start date and age|df|=|yes|1990|11|27}},,,,,,,,,,[[SoftBank Group]] (87.1%),{{URL|https://www.arm.com/|arm.com}},,,,,,,,,
ASML Holding N.V.,[[File:ASML Holding N.V. logo.svg|frameless|upright=1.05|class=skin-invert]],ASML headquarters Veldhoven.jpg,1.1,Corporate headquarters in [[Veldhoven]],,,[[Public company|Public]],{{Unbulleted list|EuronextAmsterdam|ASML|NL0010273215|XAMS|[[AEX index|AEX]] component|NASDAQ|ASML|[[Nasdaq-100]] component|OTC Pink|ASMLF}} {{EuronextAmsterdam|ASML|NL0010273215|XAMS}} {{NASDAQ|ASML}} {{OTC Pink|ASMLF}},[[Semiconductor industry]],,{{ubl|Christophe Fouquet ([[Chief executive officer|CEO]])|Nils Andersen ([[chairman]] of the [[supervisory board]])}},[[Photolithography]] systems for the [[semiconductor]] industry,,{{increase}} {{€|28.26&nbsp;billion|link|=|yes}} (2024),,{{decrease}} {{€|9.023&nbsp;billion}} (2024),,{{decrease}} {{€|7.572&nbsp;billion}} (2024),,{{increase}} {{€|48.59&nbsp;billion}} (2024),,{{increase}} {{€|18.48&nbsp;billion}} (2024),,,{{Unbulleted list | |Start date and age|1984| (joint venture) | |Start date and age|1988| (independent company)}} {{Start date and age|1984}} (joint venture) {{Start date and age|1988}} (independent company),"[[Veldhoven]], Netherlands",,,"43,395 (2024)",{{URL|https://www.asml.com/|asml.com}},,,,,,,,,,,,,,,,,,,,,,,,,,,,,,,,
AstraZeneca plc,AstraZeneca.svg,Astra-Zeneca-Central-Cambridge.jpg,,AstraZeneca's headquarters in Cambridge,,,[[Public limited company|Public]],{{unbulleted list|lse|AZN|nowrap|OMX|SSE3524|AZN|Nasdaq|AZN| ([[American depository shares|ADR]])|[[FTSE 100]] component|[[OMX Stockholm 30]] component|[[Nasdaq-100]] component}} {{lse|AZN}} {{nowrap|OMX|SSE3524|AZN}} {{OMX|SSE3524|AZN}} {{Nasdaq|AZN}} ([[American depository shares|ADR]]),"{{Ubl
| [[Pharmaceutical industry|Pharmaceutical]]
| [[Biotechnology]]}}",Global,"{{Ubl
| Michel Demaré ([[chairman]])
| [[Pascal Soriot|Sir Pascal Soriot]] ([[Chief executive officer|CEO]])}}",{{hlist|[[Medication|Pharmaceutical drugs]]|[[vaccine]]s}},,{{increase}} [[United States dollar|US$]]54.073&nbsp;billion (2024),,{{increase}} US$10.003&nbsp;billion (2024),,{{increase}} US$7.041&nbsp;billion (2024),,{{nowrap|increase| US$104.035&nbsp;billion (2024)|ref| name=results}} {{increase}} US$104.035&nbsp;billion (2024),,{{increase}} US$40.871&nbsp;billion (2024),,,{{start date and age|df|=|yes|1999|4|6}},{{nowrap|[[Cambridge Biomedical Campus]]}},[[Cambridge]],England,"89,900 (2025)",{{URL|https://astrazeneca.com}},,,,,,,,,,{{unbulleted list|[[Alexion Pharmaceuticals]]|[[MedImmune]]}},,,,,,{{ISIN|sl|=|n|pl|=|y|GB0009895292}},,,,,,,,{{ubl|[[Astra AB]]|[[Zeneca|Zeneca Group plc]]}},,,,,,,,
Atlassian Corporation,Atlassian-horizontal-blue-rgb.svg,George Place Sydney 001.jpg,,"George Place, where Atlassian's Sydney headquarters are located",,,[[Public company|Public]],{{ubl|class|=|nowrap|NASDAQ|TEAM| (Class A)|[[Nasdaq-100]] component}} {{NASDAQ|TEAM}} (Class A),Software,,{{ubl|[[Shona Brown]] (chair)|Mike Cannon-Brookes (CEO)}},"{{plainlist|
* [[Jira (software)|Jira]]
* [[Confluence (software)|Confluence]]
* [[Hipchat]]/[[Stride (software)|Stride]] (discontinued)
* [[Bitbucket]]/[[Bitbucket Server]]
* [[Fisheye (software)|Fisheye]] (discontinued)
* [[Crucible (software)|Crucible]] (discontinued)
* [[Trello]]
*[[Loom, Inc.| Loom]]}}",,{{increase}} {{US$|5.22&nbsp;billion|link|=|yes}} (2025),,{{decrease}} {{US$|−130&nbsp;million}} (2025),,{{increaseNegative}} {{US$|−257&nbsp;million}} (2025),,{{increase}} {{US$|6.04&nbsp;billion}} (2025),,{{increase}} {{US$|1.35&nbsp;billion}} (2025),,{{ubl|[[Mike Cannon-Brookes]]|[[Scott Farquhar]]}},,,"[[Sydney]], [[New South Wales]]","[[Australia]]<br/>[[San Francisco]], [[United States]]","13,813 (2025)",{{URL|https://atlassian.com/}},,,,,,,,,,The Browser Company,,{{start date and age|2002|df|=|yes}} in Sydney,,,,{{ISIN|sl|=|n|pl|=|y|GB00BZ09BD16}},,,,,,,,,{{ubl|Mike Cannon-Brookes (20%)|Scott Farquhar (20%)}},,,,,,,
"Autodesk, Inc.",Autodesk Logo 2021.svg {{!}} class=skin-invert-image,,,,,,[[Public company|Public]],{{ubl|NASDAQ|ADSK|[[Nasdaq-100]] component|[[S&P 500]] component}} {{NASDAQ|ADSK}},[[Software]],,{{ubl|[[Crawford W. Beveridge]] ([[chairman]])|[[Andrew Anagnost]] ([[Chief executive officer|CEO]])}},[[#Products|See § Products]],,{{nowrap| |Increase| |US$|6.13&nbsp;billion|link|=|yes| (2025)}} {{Increase}} {{US$|6.13&nbsp;billion|link|=|yes}} (2025),,{{nowrap| |Increase| |US$|1.35&nbsp;billion| (2025)}} {{Increase}} {{US$|1.35&nbsp;billion}} (2025),,{{Increase}} {{US$|1.11&nbsp;billion}} (2025),,{{Increase}} {{US$|10.8&nbsp;billion}} (2025),,{{Increase}} {{US$|2.62&nbsp;billion}} (2025),,{{Unbulleted list|[[John Walker (programmer)|John Walker]]| Dan Drake}},"{{Start date and age|1982|1|30}} , in [[Mill Valley, California]], U.S.","[[One Market Plaza]], {{nowrap|[[San Francisco, California]], U.S.}}",,,"15,300 (2025)",{{URL|https://www.autodesk.com/|autodesk.com}},Financials {{as of|2025|01|31|lc|=|y|df|=|US}} .,,,,,,,,,,,,,,,,1.25,,,,,,,,,,,,,,,
"Automatic Data Processing, Inc.",Automatic Data Processing (logo).svg,ADP Headquarters.jpg,1.1,"Headquarters in Roseland, New Jersey",,"Automatic Payrolls, Inc.",[[Public company|Public]],{{ubl|class|=|nowrap|NASDAQ|ADP|[[Nasdaq-100]] component|[[S&P 500]] component}} {{NASDAQ|ADP}},{{ubl|[[Business service provider|Business services]]|[[Software]]}},,"{{unbulleted list
| Maria Black ([[Chief executive officer|CEO]])
| John Ayala ([[Chief operating officer|COO]])
| Gus Blanchard (CMO)}}",,"Human resource, payroll, tax and benefits administration tools","{{increase}} {{US$|20.6&nbsp;[[1,000,000,000|billion]]|link|=|yes}} (2025)",,{{increase}} US$5.41&nbsp;billion (2025),,{{increase}} US$4.08&nbsp;billion (2025),,{{decrease}} US$53.4&nbsp;billion (2025),,{{increase}} US$6.19&nbsp;billion (2025),,,"{{Start date and age|1949}} (as Automatic Payrolls, Inc.) {{break}} [[Paterson, New Jersey]], U.S.","[[Roseland, New Jersey]], U.S.",,,"{{circa|67,000}} (2025)",{{URL|https://www.adp.com/|adp.com}},Financials {{as of|2025|06|30|lc|=|y|df|=|US}} .,,,ADP,[[Henry Taub]],,,,,,,,,,,,0.9,,,,,,,,,,,,,,,
"Axon Enterprise, Inc.",AXON Company logo.svg,,,,,"{{plainlist|
* AIR TASER, Inc. (1993–1998)
* TASER International, Inc. (1998–2017)}}",[[Public company|Public]],{{ubl|NASDAQ|AXON|[[Nasdaq-100]] component|[[S&P 500]] component}} {{NASDAQ|AXON}},,,{{unbulleted list|Patrick W. Smith ([[Chief executive officer|CEO]])| Joshua Isner ([[President (corporate title)|president]])}},{{ubl|[[Body worn video|Body worn cameras]]|[[Digital evidence]] management|[[Electroshock weapon]]s}},,{{increase}} {{US$|2.08 billion|link|=|yes}} (2024),,{{down}} {{US$|59 million}} (2024),,{{increase}} {{US$|377 million}} (2024),,{{increase}} {{US$|4.47 billion}} (2024),,{{increase}} {{US$|2.33 billion}} (2024),,{{unbulleted list|Patrick W. Smith|Thomas P. Smith}},{{Start date and age|1993}},"[[Scottsdale, Arizona]], U.S.",,,"4,100",{{url|axon.com}},,,,,,,,,,,,,,December 2024,,,,,,,,,,,,,,,,,,
Baker Hughes Company,Baker Hughes logo.svg,Baker Hughes.jpg,,"Headquarters in the [[Energy Corridor]], Houston, Texas",,,[[Public company|Public]],{{ubl|class|=|nowrap|NASDAQ|BKR| (Class A)|[[Nasdaq-100]] component|[[S&P 500]] component}} {{NASDAQ|BKR}} (Class A),[[Petroleum industry]],,[[Lorenzo Simonelli (business manager)|Lorenzo Simonelli]] ([[Chairman#Public corporations|chairman]] & [[Chief executive officer|CEO]]),,,{{increase}} {{US$|27.83 billion|link|=|yes}} (2024),,{{increase}} US$3.081 billion (2024),,{{increase}} US$3.008 billion (2024),,{{nowrap|increase| US$38.36 billion (2024)}} {{increase}} US$38.36 billion (2024),,{{increase}} US$17.06 billion (2024),,,{{Start date and age|1908}} (as Hughes Tool Company)<br> {{Start date and age|1987}} (as Baker Hughes),"[[Houston, Texas]], U.S.",,,"{{circa|57,000}} (2024)",{{URL|bakerhughes.com}},,,,,,,,,,,,,,,"Baker Hughes Incorporated (1987–2017)<br />Baker Hughes, a GE Company (2017–2019)",{{ISIN|sl|=|n|pl|=|y|US05722G1004}},,,,,,,,{{unbulleted list| [[Hughes Tool Company]] | Baker Oil Tool Company}},,,,,,,,
Biogen Inc.,Biogen.svg,Biogen.jpg,,"Headquarters in [[Cambridge, Massachusetts]]",,Biogen Idec Inc. (2003–2015),[[Public company|Public]],"{{unbulleted list
| |NASDAQ|BIIB|
| [[Nasdaq-100]] component
| [[S&P 500]] component}} {{NASDAQ|BIIB}}",[[Biotechnology]],,{{ubl|Caroline Dorsa ([[chairman]])|[[Chris Viehbacher]] ([[Chief executive officer|CEO]])}},{{hlist|[[Interferon beta-1a#Avonex|Avonex]]| [[4-Aminopyridine|Fampyra]]| [[Interferon beta-1a#Plegridy|Plegridy]]| [[Dimethyl fumarate|Tecfidera]]| [[Natalizumab|Tysabri]]| [[Nusinersen|Spinraza]]}},,{{decrease}} {{US$|9.676 billion|link|=|yes}} (2024),,{{increase}} US$1.906 billion (2024),,{{increase}} US$1.632 billion (2024),,{{increase}} US$28.05 billion (2024),,{{increase}} US$16.72 billion (2024),,{{ubl|[[Kenneth Murray (biologist)|Kenneth Murray]]|[[Phillip Allen Sharp]]|[[Walter Gilbert]]|Heinz Schaller|[[Charles Weissmann]]}},{{Start date and age|1978}},"{{nowrap|[[Cambridge, Massachusetts]], U.S.}}",,,"7,605 (2024)",{{url|biogen.com}},,,,,,,250px,240px,,,,,,,,,,,,,,,,,,,,,,,,
Booking Holdings Inc.,Booking Holdings Inc. Logo.svg,,,,,{{ubl|Priceline.com Incorporated (1998–2014)|The Priceline Group Inc. (2014–2018)}},[[Public company|Public]],{{ubl|NASDAQ|BKNG|[[Nasdaq-100]] component|[[S&P 100]] component|[[S&P 500]] component}} {{NASDAQ|BKNG}},{{unbulleted list|[[Travel]]|[[Technology]]}},,"{{ubl|Glenn D. Fogel ([[Director (business)|director]] and [[Chief executive officer|CEO]])|Robert J. Mylod Jr. ([[Chair (officer)|Chair of Board]])|Peter J. Millones, Jr. ([[General counsel]])|Paulo Pisano ([[Chief human resources officer|CHRO]])}}",{{unbulleted list|[[Booking.com]]|[[Priceline.com]]|[[Agoda]]|Rentalcars.com|[[Kayak (company)|Kayak]]|[[OpenTable]]|Rocketmiles|FareHarbor|[[HotelsCombined]]|[[Cheapflights]]|[[momondo]]}},,{{increase}} {{US$|23.74 billion|link|=|yes}} (2024),,{{increase}} US$7.555 billion (2024),,{{increase}} US$5.882 billion (2024),,{{up}} US$27.71 billion (2024),,{{increasenegative}} US$&minus;4.02 billion (2024),,,{{Start date and age|1996}},,,,"{{increase}} {{circa|24,300}} (2024)",{{URL|bookingholdings.com}},,,,,[[Jay S. Walker]],,,,,,,,,,,,,,,,,,,,,"[[Norwalk, Connecticut]]",U.S.,,,,,
Broadcom Inc.,[[File:Broadcom logo (2016-present).svg|frameless|upright=1.2|class=skin-invert]],Broadcom Headquarters San Jose.jpg,1.2,Former headquarters in [[North San Jose]],,,[[Public company|Public]],{{ubl|NASDAQ|AVGO|[[Nasdaq-100]] component|[[S&P 100]] component|[[S&P 500]] component}} {{NASDAQ|AVGO}},{{ubl|[[Semiconductor industry|Semiconductor]]|[[Computer software]]}},,[[Henry Samueli]] ([[chairman]])<br />[[Hock Tan]] ([[President (corporate title)|president]] and [[Chief executive officer|CEO]]),,,{{increase}} {{US$|51.57 billion|link|=|yes}} (2024),,{{decrease}} {{US$|13.46 billion}} (2024),,{{decrease}} {{US$|5.895 billion}} (2024),,{{increase}} {{US$|165.6 billion}} (2024),,{{increase}} {{US$|67.68 billion}} (2024),,,{{start date and age|df|=|yes|1961}},[[Stanford Research Park]],"[[Palo Alto, California]]",U.S.,"37,000 (2024)",{{URL|https://www.broadcom.com/|broadcom.com}},,,,,,,,,,[[VMware]],,,,,{{ubli|HP Associates (1961|nbndash|1999)|Agilent Semiconductor Products Group (1999|nbndash|2005)|Avago Technologies (2005|nbndash|2016)|Broadcom Limited (2016|nbndash|2018)}} {{nbndash}} 1999) {{nbndash}} 2005) {{nbndash}} 2016) {{nbndash}} 2018),,,,,,,,,,,,,,,,,
"Cadence Design Systems, Inc.",Cadence-Logo.svg,CadenceHQ.jpg,1.15,"Headquarters in San Jose, California",,,[[Public company|Public]],{{ubl|NASDAQ|CDNS|[[Nasdaq-100]] component|[[S&P 500]] component}} {{NASDAQ|CDNS}},[[Software]],,"[[Anirudh Devgan]] ([[President (corporate title)|president]], [[Chief executive officer|CEO]])",,,{{increase}} {{US$|4.64 billion|link|=|yes}} (2024),,{{increase}} US$1.35 billion (2024),,{{increase}} US$1.06 billion (2024),,{{increase}} US$8.97 billion (2024),,{{increase}} US$4.67 billion (2024),,{{ubl|[[James Solomon]]|[[A. Richard Newton|Richard Newton]]|[[Alberto Sangiovanni-Vincentelli]]}},"{{Start date and age|1983}} in San Jose, California as Solomon Design Automation (SDA), renamed Cadence Design Systems in 1988","{{nowrap|[[San Jose, California]], U.S.}}",,,"{{approx.|11,700}} (December 2024)",{{URL|https://www.cadence.com/|cadence.com}},,,,,,,,,,,,,,,,,1.15,,,,,,,"{{ubl|Solomon Design Automation| [[ECAD, Inc.]]}}",,,,,,,,
CDW Corporation,Cdw-c-orbital-logo-2023-rgb.svg,,,,,,[[Public company|Public]],{{ubl|NASDAQ|CDW|[[Nasdaq-100]] component|[[S&P 500]] component}} {{NASDAQ|CDW}},[[Business-to-business|B2B]] [[IT]] products and services,,{{ubl|Christine Leahy |nowrap|([[chairman]] & [[Chief executive officer|CEO]])}} {{nowrap|([[chairman]] & [[Chief executive officer|CEO]])}},{{ubl|[[Desktop computer|Desktops]]|[[Server (computing)|Servers]]|[[Laptops]]|[[Peripherals]]|[[Software]]|[[Telephony|Telephony products]]|[[Electric power|Power]]|[[Data storage device|Storage]]}},,{{decrease}} {{US$|21.0&nbsp;billion|link|=|yes}} (2024),,{{decrease}} US$1.65&nbsp;billion (2024),,{{decrease}} US$1.08&nbsp;billion (2024),,{{increase}} US$14.7&nbsp;billion (2024),,{{increase}} US$2.35&nbsp;billion (2024),,,{{Start date and age|1984}},,,,"{{nowrap|15,100 (2024)}}",{{URL|cdw.com}},,,,,[[Michael Krasny (businessman)|Michael Krasny]],,150px,,"[[Vernon Hills, Illinois]], U.S.",,,,,,,{{ISIN|sl|=|n|pl|=|y|US12514G1085}},,,,,,,,,,,,,,,,
"Charter Communications, Inc.",Charter Communications Logo.svg,Charter Spectrum Headquarters.jpg,,"Headquarters of Charter Communications in Stamford, Connecticut",,,[[Public company|Public]],{{ubl|class|=|nowrap|NASDAQ|CHTR| (Class A)|[[Nasdaq-100]] component|[[S&P 500]] component}} {{NASDAQ|CHTR}} (Class A),[[Telecommunication]]s<br>[[Mass media]] ([[Internet]]),41 states,{{ubl|[[Eric Zinterhofer]] ([[chairman]])|Chris Winfrey ([[President (corporate title)|president]] and [[Chief executive officer|CEO]])}},{{ubl|[[Broadband]]|[[Cable television]]|[[Digital cable]]|[[Cable telephony|Digital telephone]]|[[High-definition television|HDTV]]|[[Home security]]|[[VoIP phone]]|[[Internet security]]}},,{{nowrap|increase| US$55.09 billion (2024)|ref| name=10-K}} {{increase}} US$55.09 billion (2024),,{{increase}} US$13.12 billion (2024),,{{increase}} US$5.083 billion (2024),,{{increase}} US$150.0 billion (2024),,{{increase}} US$19.71 billion (2024),,{{ubl|Barry Babcock|Jerald Kent|Howard Wood}},,,"[[Stamford, Connecticut]]",U.S.,"94,500 (2024)",{{URL|https://corporate.charter.com/}},,,,,,[[Charter Spectrum|Spectrum]],,,,,,"{{Start date and age|1993}} in [[St. Louis]], Missouri, U.S.",,,,,,,,,{{infobox network service provider|child|=|yes|asn|=|7843}},,,"{{ubl
 | [[Time Warner Cable]]
 | [[Bright House Networks]]
 | [[Cox Communications]] (pending)}}","{{ubl|[[Liberty Media]] (23.3%)|ref|{{cite news |url=https://finance.yahoo.com/news/3-reasons-love-charter-communications-121500984.html |title=3 Reasons to Love Charter Communications |date=September 14, 2019 |publisher=[[Yahoo! Finance]] |first=Jim |last=Royal |access-date=May 17, 2019 |archive-url=https://web.archive.org/web/20190517221325/https://finance.yahoo.com/news/3-reasons-love-charter-communications-121500984.html |archive-date=May 17, 2019 |url-status=live }}|</ref>|[[Advance Publications]] (13%)|ref|{{cite news |url=https://www.reuters.com/article/idUSFWN18O0DE|title=BRIEF-Newhouse Broadcasting reports 13 pct stake in Charter Communications |date=May 27, 2016 |publisher=Reuters |access-date=April 12, 2021 }}|</ref>|[[Berkshire Hathaway]] (2.33%)}}",,,,,,,
Cintas Corporation,Cintas logo (2).svg,,,,,,[[Public company|Public]],{{Unbulleted list|class|=|nowrap|NASDAQ|CTAS|[[Nasdaq-100]] component|[[S&P 500]] component}} {{NASDAQ|CTAS}},[[Tertiary sector of the economy|Service]],,"{{plainlist|
* Todd Schneider ([[Chief executive officer|CEO]])
* Scott D. Farmer ([[executive chairman]])
* Mike Thompson ([[Chief administrative officer|CAO]])|ref|{{cite web|url=https://theorg.com/org/cintas/team/mike-thompson|title=Michael L. Thompson|publisher=The Org}}|</ref>|}}",,,{{increase}} {{US$|10.3&nbsp;billion|link|=|yes}} (2025),,{{increase}} {{US$|2.36&nbsp;billion}} (2025),,{{increase}} {{US$|1.81&nbsp;billion}} (2025),,{{increase}} {{US$|9.83&nbsp;billion}} (2025),,{{increase}} {{US$|4.68&nbsp;billion}} (2025),,,{{Start date and age|1929}} (as Acme Industrial Laundry Company),,"[[Mason, Ohio]]",U.S.,"48,300",{{URL|https://cintas.com}},Financials {{as of|2025|5|31|lc|=|y|df|=|US}} .,,,,Richard (Doc) Farmer,,,,,,[[Scott D. Farmer]] (13.9%),,,2025,,,,,,,,,,,,,,,,,,
"Cisco Systems, Inc.",Cisco logo blue 2016.svg,File:3098_Olsen_Drive.jpg,1.1,"Cisco's headquarters in [[Santana Row]], [[San Jose, California]]",,,[[Public company|Public]],"{{Plainlist|
* |NASDAQ|CSCO|
* [[Nasdaq-100]] component
* [[DJIA]] component
* [[S&P 100]] component
* [[S&P 500]] component}} {{NASDAQ|CSCO}} * [[Nasdaq-100]] component
* [[DJIA]] component
* [[S&P 100]] component
* [[S&P 500]] component",{{ubl|[[Networking hardware]]|[[Networking software]]}},Worldwide,"{{Plainlist|
* [[Chuck Robbins]]|ref|{{cite web |last=Hackett |first=Robert |date=May 5, 2015 |title=Why Cisco's board chose Chuck Robbins to lead as CEO
 |url=https://fortune.com/2015/05/05/cisco-ceo-chuck-robbins/ |website=Fortune |access-date=May 29, 2025}}|</ref>|<br />([[Chief executive officer|CEO]] & [[chairman]])}} <br />([[Chief executive officer|CEO]] & [[chairman]])",[[List of Cisco products]],,"{{Unbulleted list|class|=|nowrap|increase| |USD|56.65&nbsp;[[1,000,000,000|billion]]|link|=|yes| (2025)}} {{increase}} {{USD|56.65&nbsp;[[1,000,000,000|billion]]|link|=|yes}} (2025)",,{{Unbulleted list|class|=|nowrap|decrease| |USD|11.76&nbsp;billion| (2025)}} {{decrease}} {{USD|11.76&nbsp;billion}} (2025),,{{Unbulleted list|class|=|nowrap|decrease| |USD|10.18&nbsp;billion| (2025)}} {{decrease}} {{USD|10.18&nbsp;billion}} (2025),,{{Unbulleted list|class|=|nowrap|decrease| |USD|122.3&nbsp;billion| (2025)}} {{decrease}} {{USD|122.3&nbsp;billion}} (2025),,{{Unbulleted list|class|=|nowrap|increase| |USD|46.84&nbsp;billion| (2025)}} {{increase}} {{USD|46.84&nbsp;billion}} (2025),,{{Unbulleted list|[[Leonard Bosack]]|[[Sandy Lerner]]}},"{{Start date and age|1984|12|10}} in [[San Francisco]], California, U.S.",,"[[San Jose, California]]",U.S.,"86,200 (2025)",{{URL|cisco.com}},Financials {{as of|2025|7|26|lc|=|y|df|=|US}} .,,,,,,,,,,,,,,,{{ISIN|sl|=|n|pl|=|y|US17275R1023}},,,,,,,,,,,,,,,,
Coca-Cola Europacific Partners plc,Coca-Cola Europacific Partners (LOGO).png,,,,,,[[Public limited company|Public]],"{{plainlist|
* |LSE|CCEP|
* [[FTSE 100]] component
* |NASDAQ|CCEP|
* [[Nasdaq-100]] component}} {{LSE|CCEP}} * [[FTSE 100]] component
* {{NASDAQ|CCEP}} * [[Nasdaq-100]] component",[[Drink industry|Beverages]],{{Unbulleted list|Europe|Australia|Asia-Pacific|Indonesia|Philippines}},[[Sol Daurella]] ([[chairman]])<br>Damian Gammell ([[Chief executive officer|CEO]]),"Regular, low- and no-calorie beverages including energy drinks, still and sparkling waters, juices and juice drinks, sports drinks, and ready-to-drink teas",,{{increase}} €20.438 billion (2024),,{{decrease}} €2.132 billion (2024),,{{decrease}} €1.444 billion (2024),,{{increase}} €31.1 billion (2024),,{{increase}} €8.489 billion (2024),,,{{unbulleted list|start date and age|2016|5|28|df|=|yes| (as Coca-Cola European Partners)|start date and age|2021|5|10|df|=|yes| (as Coca-Cola Europacific Partners)}} {{start date and age|2016|5|28|df|=|yes}} (as Coca-Cola European Partners) {{start date and age|2021|5|10|df|=|yes}} (as Coca-Cola Europacific Partners),"[[Uxbridge]], England",,,"41,000 (2024)",{{URL|www.cocacolaep.com}},,,,,,"54 brands (incl. [[Coca-Cola]], [[Diet Coke]], [[Coca-Cola Zero]], [[Fanta]], [[Sprite (soft drink)|Sprite]]) and [[List of Coca-Cola brands|List of The Coca-Cola Company products]]",,,,,,,,,,{{ISIN|GB00BDCPN049|sl|=|no}},,,42 bottling plants,,,,,{{unbulleted list|Coca-Cola European Partners|[[Coca-Cola Enterprises]]|[[Coca-Cola Amatil]]}},{{Unbulleted list|Olive Partners (36%)|ref| name=ar24 |[[The Coca-Cola Company]] (17%)|ref| name=ar24}},,,,,,,
Cognizant Technology Solutions Corporation,Cognizant_logo_2022.svg,,,,,,[[Public company|Public]],{{ubl|NASDAQ|CTSH| (Class A)|[[Nasdaq-100]] component|[[S&P 500]] component}} {{NASDAQ|CTSH}} (Class A),{{UBL|[[Information technology]]|[[Consulting]]|[[Outsourcing]]}},Worldwide,[[Ravi Kumar Singisetti]] ([[Chief executive officer|CEO]]),,,{{increase}} {{US$|19.736 billion|link|=|yes}} (2024),,{{increase}} {{US$|2.938 billion}} (2024),,{{increase}} {{US$|2.240 billion}} (2024),,{{nowrap|increase| |US$|19.966 billion| (2024)|ref| name=FY}} {{increase}} {{US$|19.966 billion}} (2024),,{{increase}} {{US$|14.408 billion}} (2024),,[[Kumar Mahadeva]],"{{Start date and age|df|=|yes|1994|01|26}} in [[Chennai]], [[Tamil Nadu]], India","[[Teaneck, New Jersey]], U.S.",,,"336,800 (2024)",{{URL|https://www.cognizant.com}},,,,,,,,,,,,,[[Dun & Bradstreet]],,,{{ISIN|sl|=|n|pl|=|y|US1924461023}},,,,,,,,,,,,,,,,
Comcast Corporation,[[File:Comcast.svg|frameless]],Comcast Philly.JPG,,"[[Comcast Center]], the company's headquarters in [[Philadelphia]]",,,[[Public company|Public]],{{ubl|class|=|nowrap|NASDAQ|CMCSA| (Class A)|[[Nasdaq-100]] component|[[S&P 100]] component|[[S&P 500]] component}} {{NASDAQ|CMCSA}} (Class A),{{ubl|[[Telecommunications industry|Telecommunications]]|[[Media conglomerate|Media]]|[[Outline of entertainment|Entertainment]]}},Worldwide,"{{plainlist|
* [[Brian L. Roberts]] ([[Chairman#Public corporations|chairman]] & [[Chief executive officer|CEO]])
* [[Michael J. Cavanagh]] ([[President (corporate title)|president]])
* Jason S. Armstrong ([[Chief financial officer|CFO]])}}",{{ubl|[[Cable television]]|[[Broadband]]|[[Internet service provider|Internet service]]|[[Broadcasting]]}},,{{increase}} {{US$|123.7 billion|link|=|yes}},2024,{{decrease}} {{US$|23.29 billion}},2024,{{increase}} {{US$|15.88 billion}},2024,{{increase}} {{US$|266.2 billion}},2024,{{increase}} {{US$|85.56 billion}},2024,,"{{Start date and age|1963|6|28}} in [[Tupelo, Mississippi]], U.S.",[[Comcast Center]],"[[Philadelphia, Pennsylvania]]",United States,"182,000",{{URL|https://corporate.comcast.com}},,,,,[[Ralph J. Roberts]],,,,,"{{plainlist|
* [[NBCUniversal]] 
* [[Sky Group]]
* [[Comcast Business]]
* [[Midco]] (49%)}}","Brian L. Roberts (1% [[equity interest]], 33% [[Voting interest|voting power]])",,,2024,"{{plainlist|
* American Cable Systems<br />(1963–1968)
* Comcast Holdings<br />(1968–2000)}}",,,"Logo used as of January 11, 2024",,,{{infobox network service provider|child|=|yes|asn|=|7922}},,,[[AT&T Broadband]],,,,"{{plainlist|
* [[Xfinity]]
* [[Comcast Spectacor]]}}",,,,
Constellation Energy Corporation,[[Image:Constellation_Energy.png|center|250px]],,,,,,[[Public company|Public]],{{ubl|NASDAQ|CEG|[[Nasdaq-100]] component|[[S&P 500]] component}} {{NASDAQ|CEG}},[[Energy]],,Joseph Dominguez {{nowrap|([[President (corporate title)|president]] and [[CEO]])}},{{unbulleted list|[[Electric power]]|[[Natural gas]]}},,{{decrease}} {{US$|23.6 billion|link|=|yes}} (2024),,{{increase}} {{US$|4.35 billion}} (2024),,{{increase}} {{US$|3.75 billion}} (2024),,{{increase}} {{US$|52.9 billion}} (2024),,{{increase}} {{US$|13.2 billion}} (2024),,,{{Start date and age|1999}} (spun off from [[Exelon]] in 2022),,,,"14,264 (2024)",{{URL|constellationenergy.com}},,,,,,,,,"[[Baltimore, Maryland]], U.S.",,,,,,,,,,,,,,,,,,,,,,,
"Copart, Inc.",Copart logo.svg,,,,,,[[Public company|Public]],{{ubl|class|=|nowrap|NASDAQ|CPRT|[[Nasdaq-100]] component|[[S&P 500]] component}} {{NASDAQ|CPRT}},Automotive,,"{{plainlist|
* [[Jay Adair]] ([[executive chairman]])
* [[Willis J. Johnson]] (chairman)
* Jeff Liaw ([[CEO]])}}",,,{{increase}} {{US$|4.65&nbsp;billion|link|=|yes}} (2025),,{{increase}} {{US$|1.69&nbsp;billion}} (2025),,{{increase}} {{US$|1.55&nbsp;billion}} (2025),,{{increase}} {{US$|10.1&nbsp;billion}} (2025),,{{increase}} {{US$|9.19&nbsp;billion}} (2025),,,"{{Start date and age|1982}} , in [[Vallejo, California]], United States",,"[[Dallas, Texas]]",U.S.,"11,600 (2025)",{{URL|https://copart.com/}},,,,,[[Willis J. Johnson]],,,,,,,,,,,,,,,,,,,,,,,,281 (2025),,,
"CoStar Group, Inc.",Costar group logo.png,"CoStar Group HQ in Arlington, VA.jpg",,"Headquarters in Arlington, Virginia",,,[[Public company|Public]],{{ubl|NASDAQ|CSGP|[[Nasdaq-100]] component|[[S&P 500]] component}} {{NASDAQ|CSGP}},[[Commercial property]],"{{Plainlist|
* Australia
* Canada
* France
* Germany
* Spain
* United Kingdom
* United States}}","{{Plainlist|
* Andrew C. Florance ([[President (corporate title)|president]] and [[CEO]])
* Louise S. Sams ([[chairman]])
* Lisa Ruggles ([[Senior Vice President|SVP]], global operations)
* Frank Simuro ([[Chief Technology Officer|CTO]])}}",,,{{increase}} {{US$|2.74 billion|link|=|yes}} (2024),,{{decrease}} {{US$|5 million}} (2024),,{{decrease}} {{US$|139 million}} (2024),,{{increase}} {{US$|9.26 billion}} (2024),,{{increase}} {{US$|7.55 billion}} (2024),,,{{Start date and age|1987}},"[[Arlington, Virginia]], U.S.",,,"6,593 (2025)",{{URL|costargroup.com}},,,,,Andrew Florance,,,,,"{{Plainlist|
* [[Apartments.com]]
* [[Homes.com]]
* [[LoopNet]]
* [[Matterport]]
* [[STR, Inc.|STR]]}}",,,,,,,,,,,,,,,,,,,,,,
Costco Wholesale Corporation,Costco Wholesale logo 2010-10-26.svg,Costcoheadquarters.jpg,,"Building 1 at Costco's headquarters campus in [[Issaquah]], Washington",,,[[Public company]],{{ubl|NASDAQ|COST|[[Nasdaq-100]] component|[[S&P 100]] component|[[S&P 500]] component}} {{NASDAQ|COST}},[[Retail]],"North America: {{bulleted list|United States|Canada|Mexico}} Rest of the world: {{bulleted list
  | Australia
  | China
  | France
  | Iceland
  | Japan
  | New Zealand
  | South Korea
  | Spain
  | Sweden
  | Taiwan
  | United Kingdom}}",{{ubl|[[Hamilton E. James]]|([[chairman]])|[[Ron Vachris]]|([[President (corporate title)|president]] and [[CEO]])}},,{{ubl|[[Merchandise]]|[[Cash & carry]]|[[Warehouse club]]|[[Gas station]]s}},{{increase}} {{US$|275.2}} {{nbsp}} billion,2025,{{increase}} {{US$|10.4}} {{nbsp}} billion,2025,{{increase}} {{US$|8.1}} {{nbsp}} billion,2025,{{increase}} {{US$|77.1}} {{nbsp}} billion,2025,{{increase}} {{US$|29.2}} {{nbsp}} billion,2025,{{ubl|[[James Sinegal]]|[[Jeffrey Brotman]]}},,,,,"{{increase}} 341,000",{{URL|https://www.costco.com/|costco.com}},,,,,,Kirkland Signature,260px,250px,,,,{{Start date and age|1983|09|15}} in [[Seattle]],,2025,,,,Logo since 1997,918,2025,,,,,,"[[Issaquah]], Washington",United States,,,{{increase}} 145.2 {{nbsp}} million,2025,
"CrowdStrike Holdings, Inc.",CrowdStrike logo.svg,,,,,,[[Public company|Public]],{{ubl|class|=|nowrap|NASDAQ|CRWD| (Class A)|[[Nasdaq-100]] component|[[S&P 500]] component}} {{NASDAQ|CRWD}} (Class A),[[Information security]],,"{{ubl|George Kurtz ([[Chief executive officer|CEO]])|Michael Sentonas (President)|ref| name=""afr-sentonas-pres-21-mar-2024""|{{cite news |last1=Richardson |first1=Tom |title=CrowdStrike's Australian boss snares $225m cybersecurity fortune |url=https://www.afr.com/markets/equity-markets/crowdstrike-s-australian-boss-snares-225m-cybersecurity-fortune-20240326-p5ff9c |access-date=21 July 2024 |work=Australian Financial Review |date=31 March 2024 |language=en |archive-date=20 July 2024 |archive-url=https://web.archive.org/web/20240720173734/https://www.afr.com/markets/equity-markets/crowdstrike-s-australian-boss-snares-225m-cybersecurity-fortune-20240326-p5ff9c |url-status=live }}|</ref>}}",,,{{increase}} {{US$|3.95 billion|link|=|yes}},FY25,{{increasenegative}} US$−120.4 million,FY25,{{increasenegative}} US$-19.27 million,FY25,{{increase}} US$8.7 billion,FY25,{{increase}} US$3.28 billion,FY25,{{ubl|[[George Kurtz]]|[[Dmitri Alperovitch]]|Gregg Marston}},{{Start date and age|2011}},,"[[Austin, Texas]]",United States,"10,118",{{Official URL}},Financials {{as of|2025|1|31|df|=|US|pre|=|fiscal year ended|lc|=|y}} .<br />References:,,,,,,,,,,,,,FY25,,,,,,,,,,,,,,,,,,
CSX Corporation,CSX_transp_logo.svg,CSXJAX15.JPG,,"The [[CSX Transportation Building]], the company's headquarters in [[Jacksonville, Florida]].",,,[[Public company|Public]],{{Unbulleted list|NASDAQ|CSX|[[Nasdaq-100]] component|[[Dow Jones Transportation Average|DJTA]] component|[[S&P 500]] component}} {{NASDAQ|CSX}},"Transport, real estate, technology",[[North America]],"{{Unbulleted list|John J. Zillmer ([[chairman]])|ref|Yahoo News, CSX Press Release, Steve Angel Appointed President and CEO of CSX' September 15, 2023 https://www.yahoo.com/now/joseph-r-hinrichs-appointed-president-110000569.html|</ref>| [[Steve Angel]] ([[President (corporate title)|president]] & [[Chief executive officer|CEO]])|ref|{{cite web |last=Eavis |first=Peter |title=Rail Operator CSX Ousts Chief Executive After Activist Pressure |website=The New York Times |date=2025-09-29 |url=https://www.nytimes.com/2025/09/29/business/csx-ousts-chief-executive.html |access-date=2025-09-30 |language=en-US}}|</ref>}}",,Railroad Transport,{{nowrap|decrease| |US$|14.5&nbsp;billion|link|=|yes| (2024)}} {{decrease}} {{US$|14.5&nbsp;billion|link|=|yes}} (2024),,{{decrease}} US$5.25&nbsp;billion (2024),,{{decrease}} US$3.47&nbsp;billion (2024),,{{increase}} US$42.8&nbsp;billion (2024),,{{decrease}} US$12.5&nbsp;billion (2024),,,{{Start date and age|1980|11|1}},[[CSX Transportation Building]],"[[Jacksonville, Florida]]",U.S.,"23,500 (2024)",{{url|csx.com}},,,,,,,150,250,,{{ubl|[[CSX Transportation]]|[[Pan Am Railways]]|[[Fruit Growers Express]]|[[Conrail Shared Assets Operations|Conrail]]}},,,,,,,,,,,,,,{{Unbulleted list|[[Chessie System]]|[[Seaboard Coast Line Industries]]}},,,,,,,,
"Datadog, Inc.",Datadog logo.svg,,,,,,[[Public company|Public]],{{ubl|class|=|nowrap|NASDAQ|DDOG| (Class A)|[[Nasdaq-100]] component|[[S&P 500]] component}} {{NASDAQ|DDOG}} (Class A),[[Software industry|Software]],Worldwide,{{ubl|Olivier Pomel ([[Chief executive officer|CEO]])|Alexis Lê-Quôc ([[Chief technology officer|CTO]])}},Datadog,[[Event monitoring|System monitoring]],{{increase}} {{US$|2.68&nbsp;billion|link|=|yes}} (2024),,{{increase}} {{US$|54&nbsp;million}} (2024),,{{increase}} {{US$|184&nbsp;million}} (2023),,{{increase}} {{US$|5.79&nbsp;billion}} (2024),,{{increase}} {{US$|2.71&nbsp;billion}} (2024),,{{ubl|Olivier Pomel|Alexis Lê-Quôc}},{{Start date and age|2010}} in New York City,"{{nowrap|[[New York City]], U.S.}}",,,"6,500 (2024)",{{url|https://www.datadoghq.com/|datadoghq.com}},,,,,,,,,,,,,,,,,,,,,,,,,,,,,,,,
"Dexcom, Inc.",Dexcom logo.svg {{!}} class=skin-invert-image,,,,,,[[Public company|Public]],{{ubl|class|=|nowrap|NASDAQ|DXCM|[[Nasdaq-100]] component|[[S&P 500]] component}} {{NASDAQ|DXCM}},,,"Kevin Sayer ([[chairman]], [[President (corporate title)|president]] & [[Chief executive officer|CEO]])",[[Medical devices]],,{{increase}} {{US$|4.03 billion|link|=|yes}} (2024),,{{increase}} {{US$|600 million}} (2024),,{{increase}} {{US$|576 million}} (2024),,{{increase}} {{US$|6.48 billion}} (2024),,{{increase}} {{US$|2.10 billion}} (2024),,,,,,,"10,300 (2024)",{{URL|dexcom.com}},,,,,,,,,"{{nowrap|[[San Diego, California]], U.S.}}",,,{{start date and age|1999}},,,,,,,,,,,,,,,,,,,,
"Diamondback Energy, Inc.","File:Diamondback_Energy,_Logo_2022.svg",,,,,,[[Public company|Public]],{{ubl|NASDAQ|FANG|[[Nasdaq-100]] component|[[S&P 500]] component}} {{NASDAQ|FANG}},[[Petroleum industry]],,[[Kaes Van't Hof]] ([[chairman and CEO]]),{{ubl|[[Petroleum]]|[[Natural gas]]|[[Natural gas liquids]]}},,{{increase}} {{US$|$11.07&nbsp;billion|link|=|yes}} (2024),,{{increase}} US$4.396&nbsp;billion (2024),,{{increase}} US$3.338&nbsp;billion (2024),,{{increase}} US$67.29&nbsp;billion (2024),,{{increase}} US$37.74&nbsp;billion (2024),,,{{Start date and age |2007}},,"[[Midland, Texas]]",[[United States]],"1,983 (2024)",{{URL|https://www.diamondbackenergy.com/}},,,,,,,,,,,,,,,,{{ISIN|sl|=|n|pl|=|y|US25278X1090}},,,,,,,,,,,,,,,,{{convert|598|e3BOE|lk|=|in}} per day (2024)
