name,logo,logo_size,image,image_size,image_caption,former_name,type,traded_as,ISIN,industry,foundation,founders,location_city,location_country,area_served,key_people,revenue,operating_income,net_income,assets,equity,num_employees,website,founder,products,num_employees_year,divisions,founded,hq_location_city,hq_location_country,locations,hq_location,location,logo_caption,alt,subsid,predecessor,num_locations,image_upright,trading_name,services,revenue_year,income_year,net_income_year,assets_year,equity_year,footnotes,logo_alt,image_alt,trade_name,brands,native_name_lang,predecessors,owner,module,homepage,parent,aum,former_names,logo_upright,production,num_locations_year
3M Company,3M wordmark.svg,175px,3-M Building Maplewood MN1.jpg,250px,"3M headquarters in [[Maplewood, Minnesota]]",Minnesota Mining and Manufacturing Company (1902–2002),[[Public company|Public]],{{Unbulleted list|New York Stock Exchange|MMM|[[Dow Jones Industrial Average|DJIA]] component|[[S&P 100]] component|[[S&P 500]] component}} {{New York Stock Exchange|MMM}},{{ISIN|sl|=|n|pl|=|y|US88579Y1010}},[[Conglomerate (company)|Conglomerate]],"{{Start date and age|1902|6|13}} in [[Two Harbors, Minnesota]], U.S.","{{Unbulleted list|J. Danley Budd|Henry S. Bryan|William A. McGonagle|John Dwan|Hermon W. Cable | Charles Simmons|ref|{{cite web |url=https://www.3m.com.au/3M/en_AU/company-au/news-releases/full-story/?storyid=51f5cfac-3ea9-4a98-a406-e2b955c3fd40 |title=It all started with a rock |date=June 11, 2021 |work=3M Australia |access-date=March 9, 2022}}|</ref>}}","[[Maplewood, Minnesota]]",U.S.,Worldwide,"{{plainlist|
* [[Michael F. Roman]] (chairman)
* [[William M. Brown (businessman)|William M. Brown]] (CEO)|ref|{{citation|url=https://www.manufacturingdive.com/news/3m-ceo-william-brown-executive-chair-michael-roman/709987/|website=Manufacturing Dive|date=March 12, 2024 |title=3M appoints new CEO }}|</ref>}}",{{decrease}} {{US$|24.58 billion|link|=|yes}} (2024),{{increase}} {{US$|4.822 billion}} (2024),{{increase}} {{US$|4.173 billion}} (2024),{{decrease}} {{US$|39.87 billion}} (2024),{{decrease}} {{US$|3.842 billion}} (2024),"{{circa|61,500}} (2024)",{{URL|3m.com}},,,,,,,,,,,,,,,,,,,,,,,,,,,,,,,,,,,,,,,
A. O. Smith Corporation,AO Smith logo.svg {{!}} class=skin-invert-image,,A. O. Smith Corporate Technology Center.jpg,,"A. O. Smith Corporate Technology Center, opened in 2020",,[[Public company|Public]],{{Unbulleted list|NYSE|AOS|[[S&P 500]] component}} {{NYSE|AOS}},,[[Water industry|Water technology]],,,,,Worldwide,"{{Unbulleted list |Kevin J. Wheeler|ref|{{cite web |url=https://www.aosmith.com/News/2020-News/Ajita-Rajendra-to-retire-as-executive-chairman-of-A--O--Smith-Corporation/ |title=""Ahita Ragendra to retire as executive chairman of A. O. Smith Corporation""|website=AOSmith.com |access-date=April 30, 2021 }}|</ref>| ([[chairman]], [[President (corporate title)|president]] & [[Chief executive officer|CEO]])}} ([[chairman]], [[President (corporate title)|president]] & [[Chief executive officer|CEO]])",{{decrease}} {{US$|3.82|link|=|yes}} &nbsp;billion (2024),{{decrease}} US$699&nbsp;million (2024),{{decrease}} US$534&nbsp;million (2024),{{increase}} US$3.24&nbsp;billion (2024),{{increase}} US$1.88&nbsp;billion (2024),"12,700",{{Official URL}},Charles Jeremiah Smith,{{Unbulleted list|Water [[boiler]]s|[[Water heating|Water heaters]]|[[Water tank]]s|[[Water treatment]] and|[[water purification]] products}},2024,"Water heaters, boilers, water treatment systems, air purification systems","{{Start date and age|1874}} in Milwaukee, Wisconsin, U.S.","[[Milwaukee, Wisconsin]]",U.S.,27 worldwide,,,,,,,,,,,,,,,,,,,,,,,,,,,,,,,
Abbott Laboratories,Abbott Laboratories 2025 logo.svg,,,,,,[[Public company|Public]],{{ubl|NYSE|ABT|[[S&P 100]] component|[[S&P 500]] component}} {{NYSE|ABT}},,{{ubl|[[Healthcare industry|Health care]]|[[Medical devices]]|[[Pharmaceutical industry|Pharmaceutical]]}},,,,,Worldwide,"{{ubl|class|=|nowrap|[[Robert B. Ford]]|([[chairman]] & [[Chief Executive Officer|CEO]])|ref|{{cite news |url=https://www.forbes.com/sites/brucejapsen/2018/10/18/after-20-years-abbott-ceo-miles-white-has-his-successor-in-mind|title=After 20 Years, Abbott Labs CEO Miles White Has Successor in Mind |website=Forbes |last1=Japsen |first1=Bruce|access-date=10 September 2019|archive-date=2 February 2023 |archive-url=https://web.archive.org/web/20230202015718/https://www.forbes.com/sites/brucejapsen/2018/10/18/after-20-years-abbott-ceo-miles-white-has-his-successor-in-mind/|url-status=live}}|</ref>|Robert Funck|([[Vice president#In business|EVP]] & [[Chief financial officer|CFO]])}}",{{increase}} {{US$|41.9&nbsp;billion|link|=|yes}} (2024),{{increase}} US$6.82&nbsp;billion (2024),{{increase}} US$13.4&nbsp;billion (2024),{{increase}} US$81.4&nbsp;billion (2024),{{increase}} US$47.9&nbsp;billion (2024),"{{circa|114,000}} (2024)",{{URL|abbott.com}},Wallace Calvin Abbott,{{ubl|[[Medication|Pharmaceutical drugs]] |[[Generic drug]]s |[[Medical device]]s |Diagnostic [[assay]]s |[[Dietary supplements]] |[[Nutrition]]als}},,,"{{Start date and age|df|=|yes|1888}} (as Abbott Alkaloidal Company) in [[Ravenswood, Chicago]]",,,,"Abbott Park, Illinois, U.S.",,,,,,,,,,,,,,,,,,,,,,,,,,,,,,
AbbVie Inc.,[[File:AbbVie logo.svg|frameless|upright=0.9|class=skin-invert]],,,,,,[[Public company|Public]],{{ubl|NYSE|ABBV|[[S&P 100]] component|[[S&P 500]] component}} {{NYSE|ABBV}},,[[Biopharmaceutical]],,,,,170+ countries worldwide,{{ubl|Richard A. Gonzalez ([[chairman]])|Robert Michael ([[Chief executive officer|CEO]])}},{{increase}} {{US$|56.33 billion|link|=|yes}} (2024),{{decrease}} {{US$|9.137 billion}} (2024),{{decrease}} {{US$|4.278 billion}} (2024),{{increase}} {{US$|135.2 billion}} (2024),{{decrease}} {{US$|3.325 billion}} (2024),"55,000 (2024)",{{URL|abbvie.com}},,"{{flatlist|
* [[Adalimumab|Humira]]
* [[Ibrutinib|Imbruvica]]
* [[Lopinavir|Kaletra]]
* [[Glecaprevir/pibrentasvir|Mavyret/Maviret]]
* [[Ritonavir|Norvir]]
* [[Risankizumab|Skyrizi]]
* [[venetoclax|Venclexta]]
* [[Daclizumab|Zinbryta]]}}",,,{{Start date and age|2012|04|10}},,,,,"1 North Waukegan Road, [[North Chicago, Illinois]], United States",,,,,,,,,,,,,,,,,,,,,,,,,,,,,
Accenture plc,Accenture.svg,,Grand Canal Square - panoramio.jpg,250px,"Headquarters at 1 [[Grand Canal Dock#Grand Canal Square|Grand Canal Square]], [[Dublin]]",Andersen Consulting,[[Public limited company|Public]],{{ubl|NYSE|ACN| ([[Class A share|Class A]])|[[S&P 100]] component|[[S&P 500]] component}} {{NYSE|ACN}} ([[Class A share|Class A]]),{{ISIN|sl|=|n|pl|=|y|IE00B4BNMY34}},{{Unbulleted list|[[Professional services]]|[[Information technology consulting]]}},,,,,Worldwide,[[Julie Sweet]] ([[Chair (officer)|chair]] and [[Chief executive officer|CEO]]),{{increase}} {{US$|69.67 billion}} (2025),{{increase}} {{US$|10.23 billion}} (2025),{{increase}} {{US$|7.83 billion}} (2025),{{increase}} {{US$|65.39 billion}} (2025),{{increase}} {{US$|32.24 billion}} (2025),"779,000 (2025)",{{URL|accenture.com}},,,,,{{start date and age|df|=|yes|1989}},[[Dublin]],Ireland,,,,<small>Primary logo used since 2020</small>,A modern glass building with colorful reflections stands beside a waterfront plaza featuring tall red poles and people sitting on benches,{{unbulleted list|[[Avanade]]|[[Droga5]]|[[Udacity]]|[[TalentSprint]]}},[[Arthur Andersen]],120 countries,,,,,,,,,,,,,,,,,,,,,,,,
Adobe Inc.,[[File:Adobe Corporate wordmark.svg|frameless|upright=1.1|class=skin-invert-image]],,Adobe World Headquarters.jpg,,"[[Adobe World Headquarters]] in [[San Jose, California]]",Adobe Systems Incorporated (1982–2018),[[Public company|Public]],{{Unbulleted list|NASDAQ|ADBE|[[Nasdaq-100]] component|[[S&P 100]] component|[[S&P 500]] component}} {{NASDAQ|ADBE}},,[[Software]],,{{Unbulleted list|[[John Warnock]]|[[Charles Geschke]]}},,,Worldwide,{{Unbulleted list|[[Shantanu Narayen]]<br />([[chairman]] & [[Chief executive officer|CEO]])}},{{increase}} {{US dollar|21.51 billion|link|=|yes}},{{increase}} {{US dollar|6.741 billion}},{{increase}} {{US dollar|5.560 billion}},{{increase}} {{US dollar|30.23 billion}},{{decrease}} {{US dollar|14.11 billion}},"40,135 (2025)",{{URL|https://www.adobe.com/|adobe.com}},,{{hlist|[[Adobe Photoshop|Photoshop]] | [[Adobe Acrobat|Acrobat]] | [[Adobe Illustrator|Illustrator]] | [[PDF]] | [[Adobe Lightroom|Lightroom]] | [[Adobe Captivate|Captivate]] | [[Adobe ColdFusion|ColdFusion]] | [[Adobe XD|XD]] | [[Adobe Dreamweaver|Dreamweaver]] | [[Adobe InDesign|InDesign]] | [[Adobe Spark|Spark]] | [[Adobe Premiere Elements|Premiere Elements]] | [[Adobe RoboHelp|RoboHelp]] | [[Adobe FrameMaker|FrameMaker]] | [[Adobe Creative Cloud|Creative Cloud]] | ('''[[List of Adobe software|Full list]]''')}},,,"{{Start date and age|1982|12}} <br /> {{Nowrap|[[Mountain View, California]], U.S.}}","[[San Jose, California]]",U.S.,,[[Adobe World Headquarters]],,,,,,,1.1,Adobe,[[SaaS]],2024,2024,2024,2024,2024,Financials {{as of|2024|11|29|lc|=|y|df|=|US}} .,,,,,,,,,,,,,,,
"Advanced Micro Devices, Inc.",[[File:AMD Logo.svg|frameless|upright=1.1|class=skin-invert]],,"2485 Augustine Drive headquarters in Santa Clara, California.jpg",,"Headquarters in [[Santa Clara, California]], in 2020",,[[Public company|Public]],"{{Unbulleted list
  | |NASDAQ|AMD|
  | [[Nasdaq-100]] component
  | [[S&P 100]] component
  | [[S&P 500]] component}} {{NASDAQ|AMD}}",,{{ubl|[[Semiconductor industry|Semiconductor]]s|[[Computer hardware]]}},,,,,Worldwide,"{{Unbulleted list
  | [[Lisa Su]] ([[Chairperson|chair]] & [[Chief executive officer|CEO]])
  | [[Mark Papermaster]] ([[Chief technical officer|CTO]])

| Jean Hu ([[Chief financial officer|CFO]])
| Phil Guido ([[Chief commercial officer|CCO]])}}",{{increase}} {{US$|25.79}} &nbsp;billion (2024),{{increase}} {{US$|1.900}} &nbsp;billion (2024),{{increase}} {{US$|1.641}} &nbsp;billion (2024),{{increase}} {{US$|69.23}} &nbsp;billion (2024),{{increase}} {{US$|57.57}} &nbsp;billion (2024),"{{circa|28,000}} (2024)",{{URL|https://www.amd.com/|amd.com}},Team led by [[Jerry Sanders (businessman)|Jerry Sanders]],"{{Flatlist|
* [[List of AMD processors|AMD CPUs]]
* [[List of AMD graphics processing units|AMD GPUs]]
* [[Xilinx|AMD FPGAs]]}}",,,{{Start date and age|1969|05|01}},"Santa Clara, California",United States<br/>,,,,,,,,,1.1,,,,,,,,,"Advanced Micro Devices, Inc. logo","Image of AMD's headquarters located in Santa Clara, California",AMD,{{hlist|[[Ryzen]]|[[Radeon]]|[[Athlon]]|[[Epyc]]|[[Threadripper]]|[[Virtex (FPGA)|Virtex]]|[[Vivado]]|[[Sempron]]|[[Duron]]|[[AMD Instinct]]}},,,,,,,,,,,
The AES Corporation,AES Corporation logo.svg,,AES Corporation (52368078840).jpg,,"AES headquarters in [[Arlington County, Virginia]], in 2022","Applied Energy Services, Inc. (1981–2000)",[[Public company|Public]],{{ubl|NYSE|AES|[[S&P 500]] component}} {{NYSE|AES}},,[[Energy]],,{{ubl|[[Roger Sant]]|Dennis Bakke}},,,Worldwide,Jay Morse (chairman)<br />[[Andres Gluski]] (president & CEO),{{nowrap|increase| |US$|12.7 billion|link|=|yes| (2023)}} {{increase}} {{US$|12.7 billion|link|=|yes}} (2023),,{{increase}} US$249 million (2023),{{increase}} US$44.8 billion (2023),{{increase}} US$2.49 billion (2023),"{{circa|9,600}} (2023)",{{URL|aes.com}},,[[Electricity]],,,{{Start date and age|1981|01|28}},,,,"[[Arlington, Virginia]], U.S.",,,,,,,,,,,,,,,,,,,,,,,,,,,,,,
Aflac Incorporated,Aflac.svg,,AFLAC Tower Columbus Georgia.jpg,,"[[Aflac Building]], [[Columbus, Georgia]], U.S.",,[[Public company|Public]],{{ubl|NYSE|AFL|[[S&P 500]] component}} {{NYSE|AFL}},,{{nowrap|[[Insurance]]<br/>[[Human resources]] services}},{{start date and age|1955|11|17}} (as American Family Life Insurance Company of Columbus),{{ubl|John Amos|Paul Amos|Bill Amos}},,,{{ubl|United States|Japan}},"{{Unbulleted list |[[Dan Amos]] ([[chairman]], [[Chief executive officer|CEO]])| Max Broden ([[Chief executive officer|CFO]])}}",{{increase}} {{US$|18.93&nbsp;billion|link|=|yes}} (2024),{{increase}} {{US$|6.417&nbsp;billion}} (2024),{{increase}} {{US$|5.443&nbsp;billion}} (2024),{{decrease}} {{US$|117.6&nbsp;billion}} (2024),{{increase}} {{US$|26.10&nbsp;billion}} (2024),"12,694 (2024)",{{URL|aflac.com}},,{{nowrap|Supplemental [[Health insurance|health]] &}} <br/> {{nowrap|[[life insurance]]}},,,,,,,,"{{nowrap|[[Aflac Building]]}} <br/>[[Columbus, Georgia]], U.S.",,,,,,,,,,,,,,,,,,,,,,,,,,,,,
"Agilent Technologies, Inc.",Agilent.svg,250p,Agilent-HQ-Lobby.jpg,250px,"Agilent Technologies headquarters lobby in Santa Clara, California",,[[Public company|Public]],{{ubl|NYSE|A|[[S&P 500]] component}} {{NYSE|A}},,{{unbulleted list|Healthcare equipment and services}},,,,,Worldwide,{{unbulleted list|Padraig McDonnell ([[Chief executive officer|CEO]])|Mike McMullen ([[Chief executive officer|CEO]] until April 2024)|[[Koh Boon Hwee]] ([[chairman]])}},{{decrease}} {{US$|6.51 billion|link|=|yes}} (2024),{{increase}} {{US$|1.49 billion}} (2024),{{increase}} {{US$|1.29 billion}} (2024),{{increase}} {{US$|11.8 billion}} (2024),{{increase}} {{US$|5.90 billion}} (2024),"17,900",{{URL|agilent.com}},,"Instruments, software, services and consumables for laboratory use",2024,{{unbulleted list|Agilent CrossLab Group|Diagnostics & Genomics Group|Life Sciences & Applied Markets Group}},{{Start date and age|1999}},,,,,"[[Santa Clara, California]], U.S.",,Agilent Technologies Logo,,,,,,,,,,,,,,,,,en,"Test & Measurement, Semiconductor Groups of [[Hewlett-Packard|HP]]",,,,,,,,,
"Airbnb, Inc.",Airbnb Logo Bélo.svg,250px,"888 Brannan, San Francisco, 2016.jpg",250px,Headquarters at 888 Brannan Street,,[[Public company|Public]],{{ubl|NASDAQ|ABNB| (Class A)|[[Nasdaq-100]] component|[[S&P 500]] component}} {{NASDAQ|ABNB}} (Class A),,[[Lodging]],,{{ubl|[[Brian Chesky]]|[[Joe Gebbia]]|[[Nathan Blecharczyk]]}},,,Worldwide,{{Unbulleted list|Brian Chesky ([[Chief executive officer|CEO]])|Nathan Blecharczyk ([[Chief strategy officer|CSO]])}},{{increase}} {{US$|11.1 billion|link|=|yes}} (2024),{{increase}} {{US$|2.55 billion}} (2024),{{decrease}} {{US$|2.65 billion}} (2024),{{increase}} US$20.9 billion (2024),{{increase}} US$8.41 billion (2024),"7,300 (2024)",{{URL|https://www.airbnb.com/|airbnb.com}},,,,,"{{Start date and age|2008|08}} in [[San Francisco, California]], U.S.",,,,,"{{nowrap|[[San Francisco, California]], U.S.}}",,,"{{Plain list|
* Luxury Retreats International Inc.
* [[Tilt.com]] 
* [[Accomable]]
* Aibiying
* Trooly, Inc.
* Deco Software Inc.
* Trip4real Experiences, S.L.
* Larson8, Inc.
* MarketLog, Randorphire Inc.
* [[HotelTonight]]}}",,,,,{{ubl|[[Lodging]]|[[Hospitality]]|[[Homestay]]}},,,,,,,Airbnb logo,,,,,,{{ubl|Brian Chesky (10%)|Nathan Blecharczyk (10%)|Joe Gebbia (7%)}},,,,,,,,
"Air Products and Chemicals, Inc.",Logo Air Products.svg,,,,,,[[Public company|Public]],{{ubl|NYSE|APD|[[S&P 500]] component}} {{NYSE|APD}},,"[[Industrial gas]], [[chemicals]]",,,,,Worldwide,{{ubl | [[Wayne T. Smith]] ([[chairman]]) | Eduardo F. Menezes ([[Chief executive officer|CEO]])}},{{decrease}} {{US$|12.04&nbsp;billion|link|=|yes}} (2025),{{nowrap| |decrease| |US$|-877&nbsp;million| (2025)}} {{decrease}} {{US$|-877&nbsp;million}} (2025),{{nowrap| |decrease| |US$|-395&nbsp;million| (2025)}} {{decrease}} {{US$|-395&nbsp;million}} (2025),{{increase}} {{US$|41.06&nbsp;billion}} (2025),{{decrease}} {{US$|15.02&nbsp;billion}} (2025),"{{circa|21,300}} (2025)",{{URL|airproducts.com}},Leonard P. Pool,,,,"{{start date and age|1940}} in [[Detroit, Michigan]], U.S.",,,,,"[[Allentown, Pennsylvania]], U.S.",,,,,,,,,,,,,,,,,,,,,,,,,,,,,
"Akamai Technologies, Inc.",Akamai logo.svg,200px,"Akamai's headquarters in Cambridge, Massachusetts.jpg",250px,"Headquarters in Cambridge, Massachusetts",,[[Public company|Public]],{{ubl|NASDAQ|AKAM|[[S&P 500]] component}} {{NASDAQ|AKAM}},,{{ubl|[[Internet]]|[[Cloud computing]]}},,{{ubl |[[Daniel Lewin]] |[[F. Thomson Leighton]] |[[Randall Kaplan]] |[[Preetish Nijhawan]] |Jonathan Seelig}},,,,"{{ubl|[[F. Thomson Leighton]] ([[Chief financial officer|CEO]]) |[[Daniel Hesse]] ([[chairman]])|ref| name=""Board of Director""|{{Cite web |title=Akamai Announces Board Of Directors Changes |url=https://www.akamai.com/newsroom/press-release/akamai-announces-board-of-directors-changes1| publisher  = Akamai Technologies, Inc. |date=March 18, 2021}}|</ref>}}",{{increase}} {{US$|3.99&nbsp;billion|link|=|yes}} (2024),{{decrease}} US$533&nbsp;million (2024),{{decrease}} US$505&nbsp;million (2024),{{increase}} US$10.4&nbsp;billion (2024),{{increase}} US$4.88&nbsp;billion (2024),"10,748 (2024)",{{URL|akamai.com}},,,,,{{Start date and age|1998}},,,,"{{nowrap|[[Cambridge, Massachusetts]], U.S.}}",,,,,,,,,,,,,,,,,,,,,,,{{infobox network service provider|child|=|yes|asn|=|20940}},,,,,,,
Albemarle Corporation,Albermarle Corporation.svg,280px,,,,,[[Public company|Public]],{{Unbulleted list|NYSE|ALB|[[S&P 500]] component}} {{NYSE|ALB}},,[[Chemical industry]],{{start date and age|1994}},,"[[Charlotte, North Carolina]]",U.S.,Worldwide,"Kent Masters ([[chairman]], [[President (corporate title)|president]] & [[Chief Executive Officer|CEO]])<br />Scott A. Tozier ([[Chief executive officer|CFO]])",{{decrease}} {{US$|5.38 billion|link|=|yes}} (2024),{{decrease}} &minus;US$1.8 billion (2024),{{decrease}} &minus;US$1.2 billion (2024),{{decrease}} US$16.6 billion (2024),{{increase}} US$9.96 billion (2024),"8,300 (2024)",{{URL|albemarle.com}},,"[[Lithium]] salts and metals<br />[[Bromine]] and derivatives, including [[flame retardants]]<br />[[Fluid catalytic cracking]] and HPC catalysts<br />[[Fine chemical|fine chemistry]] services",,,,,,,,,,,,,,,,,,,,,,,,,,,,,,,,,,,,,
"Alexandria Real Estate Equities, Inc.",File:Alexandria Real Estate Equities logo.png,,,,,,[[Public company|Public]],{{New York Stock Exchange|ARE}} <BR>[[S&P 500]] component,,[[Real estate investment trust]],,,,,,Joel S. Marcus ([[chairman]])<BR>Marc E. Binda ([[Chief financial officer|CFO]]),{{increase}} $3.116 billion (2024),,{{increase}} $309 million (2024),{{increase}} $37.527 billion (2024),{{decrease}} $17.889 billion (2024),552 (2024),,Joel S. Marcus<br>Jerry M. Sudarsky,,,,{{Start date and age|1994|1}},,,,"[[Pasadena, California]], U.S.",,,,,,,,,,,,,,,,,,,,,,[[Norges Bank]] (The Central Bank of Norway)(9.54%),,{{URL|https://www.are.com/}},,,,,,
"Align Technology, Inc.",,,,,,,[[Public company|Public]],{{Unbulleted list|nasdaq|ALGN|[[S&P 500]] component}} {{nasdaq|ALGN}},{{ISIN|sl|=|n|pl|=|y|US0162551016}},[[Orthodontics]] devices,{{start date and age|1997}},{{ubl|[[Zia Chishti]]|Kelsey Wirth}},,,Worldwide,"Joe Hogan ([[President (corporate title)|president]] & [[Chief Executive Officer|CEO]])<br />Karim Boussebaa ([[Executive Vice President|EVP]] and [[Managing Director|MD]], iTero Scanner and Services Business) <br />John F. Morici ([[CFO]])<br />Mitra Derakhshan ([[Senior Vice President|SVP]], Global Clinical)",{{increase}} {{US$|4.00&nbsp;billion|link|=|yes}} (2024),{{increase}} {{US$|608&nbsp;million}} (2024),{{increase}} {{US$|421&nbsp;million}} (2024),{{increase}} {{US$|6.21&nbsp;billion}} (2024),{{increase}} {{US$|3.85&nbsp;billion}} (2024),{{formatnum:20945}},,,"[[Clear aligners]], intra-oral scanners, dental CAD SW",2024,,,,,,"[[Tempe, Arizona]], U.S.",,,,,,,,,,,,,,,,,,,,,,,,{{url|https://aligntech.com}},,,,,,
Allegion plc,File:Allegion_logo.svg,,,,,,[[Public company|Public]],{{ubl|NYSE|ALLE|[[S&P 500]] component}} {{NYSE|ALLE}},IE00BFRT3W74,"[[Security]], [[Access control]]",,,,,,{{ubl|Lauren Peters (chair)|John Stone (CEO)}},{{nowrap |increase| |US$|3.77 billion|link|=|yes}} {{increase}} {{US$|3.77 billion|link|=|yes}},{{increase}} {{US$|781 million}},{{increase}} {{US$|598 million}},{{increase}} {{US$|4.49 billion}},{{increase}} {{US$|1.50 billion}},"14,400",{{URL|allegion.com}},,,2024,,{{Start date and age|1908}},[[Dublin]],Ireland,,,,,,,,,,,,2024,2024,2024,2024,2024,,,,,,,,,,,,,,,,
Alliant Energy Corporation,Alliant Energy logo.svg,,AlliantEnergySheboyganWisconsinPowerPlant.jpg,,"Alliant's [[Edgewater Generating Station]], a coal power plant in [[Sheboygan, Wisconsin]].",Interstate Energy Corp.,[[Public company|Public]],{{ubl|NASDAQ|LNT|[[S&P 500]] component}} {{NASDAQ|LNT}},,[[Utilities]],,,,,,,"{{increase}} {{US$|3.669 billion|link|=|yes}} (''Fiscal Year Ended December 31, 2021'')","{{increase}} US$0.795 billion (''Fiscal Year Ended December 31, 2021'')","{{increase}} US$0.674 billion (''Fiscal Year Ended December 31, 2021'')","{{increase}} US$18.553 billion (''Fiscal Year Ended December 31, 2021'')","{{increase}} US$5.990 billion (''Fiscal Year Ended December 31, 2021'')","3,375",{{URL|alliantenergy.com}},,{{ubl|[[Electricity]]|[[Natural gas]]}},2021,,{{Start date and age|1917}},,,,"[[Madison, Wisconsin]], U.S.",,,,{{Ubl|Interstate Power & Light|Wisconsin Power & Light}},,,,,,,,,,,,,,,,,,,,,,,,,,
The Allstate Corporation,Allstate logo.svg,,,,,,[[Public company|Public]],{{ubl|NYSE|ALL|[[S&P 500]] component}} {{NYSE|ALL}},,[[Insurance]],,,,,,"[[Thomas J. Wilson]] ([[Chairman#Public corporations|chairman]], [[President (corporate title)|president]], and [[Chief Executive Officer|CEO]])",{{increase}} {{US$|64.11&nbsp;billion|link|=|yes}} (2024),{{increase}} {{US$|5.76&nbsp;billion}} (2024),{{increase}} {{US$|4.67&nbsp;million}} (2024),{{nowrap|increase| |US$|111.6&nbsp;billion| (2024)}} {{increase}} {{US$|111.6&nbsp;billion}} (2024),{{increase}} {{US$|21.44&nbsp;billion}} (2024),"{{circa|55,000}} (2024)",{{URL|https://www.allstate.com/}} <br /> {{URL|https://www.allstatecorporation.com/}},,"{{flatlist|
* [[Auto insurance|Auto]], [[Home insurance|Home]], [[Life insurance|Life]], [[Motorcycle insurance|Motorcycle]], [[Renters insurance|Renters]], [[Boat]], [[Landlord]], [[condominium|condo]], [[Off-road vehicle]], & [[Business]] [[Insurance]]
* [[Retirement]] & [[Investment]] products
* [[Banking]] services}}",,,{{Start date and age|1931|4|17}},,,,"[[Northbrook, Illinois]], U.S.",,,,"{{Unbulleted list|[[Encompass Insurance Company]]|[[Esurance]]|[[SquareTrade]]|Allstate Identity Protection (formerly InfoArmor, Inc.)|Allstate India|[[Allstate Northern Ireland]]|[[National General Insurance]]}}",,,,,,,,,,,,,,,,,,,,,[[Sears]] (1931–1995),,,,,
"Altria Group, Inc.",Altria logo.svg,,,,,"Philip Morris Companies, Inc. (1985–2003)",[[Public company|Public]],{{ubl|NYSE|MO|[[S&P 100]] component|[[S&P 500]] component}} [[DJIA]] component (until 2008) {{NYSE|MO}},,[[Tobacco industry|Tobacco]],,,,,Worldwide,Billy Gifford ([[chairman]] & [[CEO]]),{{decrease}} {{US$|24.02&nbsp;billion|link|=|yes}} (2024),{{decrease}} US$11.24&nbsp;billion (2024),{{increase}} US$11.26&nbsp;billion (2024),{{decrease}} US$35.18&nbsp;billion (2024),{{increasenegative}} −US$2.19&nbsp;billion (2024),"6,200 (2024)",{{URL|https://www.altria.com/|altria.com}},,,,,"{{Start date and age|1985}} (as Philip Morris Companies, Inc.)",,,,,"[[Reynolds Metals Company International Headquarters]]<br />[[Henrico County, Virginia]], U.S.",,,"{{plainlist|
* [[Philip Morris USA]]
* [[John Middleton Co.|John Middleton, Inc.]]
* [[U.S. Smokeless Tobacco Company]]
* [[Helix Innovations]]
* [[NJOY]]
* [[Horizon Innovations LLC]]}}",,,,,,,,,,,,,,,,,,,,,,,,,,
Amcor plc,Amcor logo.png,175px,,,,,[[Public company|Public]],{{ubl|NYSE|AMCR|[[S&P 500]] component|ASX|AMC}} {{NYSE|AMCR}} {{ASX|AMC}},{{ISIN|sl|=|n|pl|=|y|JE00BJ1F3079}},[[Packaging]],,,,,,Peter Konieczny ([[Chief Executive Officer|CEO]]),{{increase}} {{US$|15.0&nbsp;billion|link|=|yes}} (2025),{{decrease}} {{US$|1.01&nbsp;billion}} (2025),{{decrease}} {{US$|511&nbsp;million}} (2025),{{increase}} {{US$|37.1&nbsp;billion}} (2025),{{increase}} {{US$|11.7&nbsp;billion}} (2025),"77,000 (2025)",{{URL|amcor.com}},Samuel Ramsden,[[Packaging]],,,"{{Start date and age|1896}} in [[Melbourne]], Australia",,,,"[[Zürich]], Switzerland",,,,,,,,,,,,,,,Financials {{asof|2025|06|30|lc|=|y}} .,,,,,,,,,,,,,,,
Ameren Corporation,Ameren logo.svg,200px,,,,,[[Public company|Public]],{{ubl|NYSE|AEE|[[S&P 500]] component}} {{NYSE|AEE}},,[[Utilities]],,,,,,"{{ubl
|Martin J. Lyons, Jr. ([[chairman]], [[President (corporate title)|president]] & [[Chief executive officer|CEO]])
|Mark C. Birk (Ameren Missouri [[chairman]] & [[President (corporate title)|president]])
|Leonard ""Lenny"" Singh (Ameren Illinois [[chairman]] & [[President (corporate title)|president]])
|Michael L. Moehn (Ameren Services [[chairman]] & [[President (corporate title)|president]])
|Shawn E. Schukar (Ameren Transmission [[chairman]] & [[President (corporate title)|president]])}}",{{decrease}} [[US$]]5.794 Billion (''Fiscal Year Ended 31 December 2020''),{{increase}} [[US$]]1.300 Billion (''Fiscal Year Ended 31 December 2020''),{{increase}} [[US$]]0.871 Billion (''Fiscal Year Ended 31 December 2020''),{{increase}} [[US$]]32.030 Billion (''Fiscal Year Ended 31 December 2020''),{{increase}} [[US$]]9.080 Billion (''Fiscal Year Ended 31 December 2020''),"9,116",{{URL|ameren.com}},,"[[Electricity]] <small>(16,900 [[Megawatts#Megawatt|megawatts]])</small> and [[Natural Gas]]","December 31, 2021",,{{Start date and age|1997}},,,,"[[St. Louis, Missouri]], U.S.",,,,,,,,,,,,,,,,,,,,,,,,,,,,,,
"American Electric Power Company, Inc.",AEP-Logo-Red-Gray.svg,,AEP Building 1.jpg,,"[[AEP Building]], the company's headquarters in [[Columbus, Ohio]]",,[[Public company|Public]],{{ubl|NASDAQ|AEP|[[DJUA]] component|[[Nasdaq-100]] component|[[S&P 500]] component}} {{NASDAQ|AEP}},,[[Electric Utility|Electric utilities]],{{start date and age|1906}},,,,"{{bulleted list|'''AEP Ohio''': [[Ohio]]|'''AEP Texas''': [[Texas]]|'''Appalachian Power''': [[Tennessee]], [[Virginia]], [[West Virginia]]|'''Indiana Michigan Power''': [[Indiana]], [[Michigan]]|'''Kentucky Power''': [[Kentucky]]|'''PSO''': [[Oklahoma]]|'''SWEPCO''': [[Arkansas]], [[Louisiana]], [[Texas]]}}","Bill Fehrman ([[chairman]], [[President (corporate title)|president]] & [[Chief executive officer|CEO]])",{{increase}} {{US$|19.72 billion|link|=|yes}} (2024),{{increase}} {{US$|4.304 billion}} (2024),{{increase}} {{US$|2.967 billion}} (2024),{{increase}} {{US$|103.1 billion}} (2024),{{increase}} {{US$|26.94 billion}} (2024),"16,330",{{Official URL}},,{{ubl|[[Electric power generation|Electricity generation]]|[[Electric power transmission]]|[[Electricity distribution]]}},2024,,,,,,,"[[AEP Building]], [[Columbus, Ohio]], U.S.",,,,"Originally American Gas and Electric Company (AG&E), formed in 1906 from Electric Company of America.  Became American Electric Power in 1958; merged with Central and Southwest Corporation in 2000.",,,,,,,,,,,,,,,,,,,,,,,,,
American Express Company,American Express logo (2018).svg,150px,3 World Financial Center.jpg,150px,Headquarters at the [[American Express Tower]],,[[Public company|Public]],{{unbulleted list|NYSE|AXP|[[DJIA]] component|[[S&P 100]] component|[[S&P 500]] component}} {{NYSE|AXP}},,Financial Services,"{{Start date and age|1850|3|18}} , in [[Buffalo, New York]], U.S.",,,,Worldwide,{{unbulleted list |[[Stephen Squeri]] |nowrap|([[Chairman#Public corporations|chairman]] & [[Chief executive officer|CEO]])| | Christophe Le Caillec ([[Chief financial officer|CFO]])}} {{nowrap|([[Chairman#Public corporations|chairman]] & [[Chief executive officer|CEO]])}},{{increase}} {{US$|65.95 billion|link|=|yes}} (2024),{{increase}} {{US$|12.89 billion}} (2024),{{increase}} {{US$|10.13 billion}} (2024),{{increase}} {{US$|271.5 billion}} (2024),{{increase}} {{US$|30.26 billion}} (2024),"75,100 (2024)",,,{{unbulleted list|[[Charge card]]s|[[Credit card]]s|[[Debit card]]s|[[Traveler's cheque]]s|[[Corporate banking]]}},,,,{{nowrap|[[New York City]]}},U.S.,,[[200 Vesey Street]],,,,"{{unbulleted list|[[American Express Global Business Travel]] (33.54%)|ref|{{Cite web|url=https://uk.marketscreener.com/quote/stock/GLOBAL-BUSINESS-TRAVEL-GR-138707030/company/|title=Global Business Travel Group, Inc.: Shareholders Board Members Managers and Company Profile &#124; US37890B1008 &#124; MarketScreener UK|website=uk.marketscreener.com}}|</ref>|[[Resy]]|American Express National Bank|American Express Ventures|American Express International, Inc.|American Express Centurion Bank|American Express Bank, FSB|American Express Credit Corporation|American Express Travel Related Services Company, Inc.}}","{{bulleted list|class|=|nowrap|Livingston, Fargo & Company|Wells, Butterfield & Company|Wells & Company}}",,,,{{unbulleted list|[[Payment card industry|Payment card services]]|[[Insurance]]|[[Travel]]}},,,,,,,,,,,,,,,{{URL|https://americanexpress.com/}},,,,,,
"American International Group, Inc.",AIG new logo.svg,250px,Time-life building.jpg,250px,"AIG headquarters, [[1271 Avenue of the Americas]], New York",,[[Public company|Public]],{{ubl|NYSE|AIG|[[S&P 100]] component|[[S&P 500]] component}} {{NYSE|AIG}},,[[Financial services]],"{{start date and age|1919|12|19}} in [[Shanghai]], [[Republic of China (1912–1949)|China]]",,,,Worldwide,[[Peter Zaffino]] ([[chairman and CEO]]),"{{decrease}} US$27,250,000,000 (2024)",{{increase}} US$3.87 billion (2024),{{decrease}} &minus;US$1.43 billion (2024),{{nowrap|decrease| US$161.3 billion (2024)}} {{decrease}} US$161.3 billion (2024),{{increase}} US$45.52 billion (2024),"{{circa|22,000}} (2024)",{{URL|https://aig.com/}},[[Cornelius Vander Starr]],{{ubl|[[General insurance]] |[[Health insurance]] |[[Vehicle insurance]] |[[Travel insurance]] |[[Home insurance]] |[[Life insurance]] |[[Mortgage loan]]s |[[Investment management]] |[[Mutual fund]]}},,,,"[[New York City, New York]]",U.S.,,{{nowrap|[[1271 Avenue of the Americas]]}},,,,[[TATA AIG]],,,,,,,,,,,,,,,,,,,,,,,,,,
American Tower Corporation,American Tower Corporation logo.svg,,,,,,[[Public company|Public]],{{ubl|NYSE|AMT|[[S&P 100]] component|[[S&P 500]] component}} {{NYSE|AMT}},,{{ubl|[[Real estate investment trust]]|Communication services}},,,,,,Steven Vondran ([[President (corporate title)|President]] and [[CEO]]),{{increase}} {{US$|10.1&nbsp;billion|link|=|yes}} (2024),{{increase}} US$4.52&nbsp;billion (2024),{{increase}} US$2.26&nbsp;billion (2024),{{decrease}} US$61.1&nbsp;billion (2024),{{decrease}} US$9.65&nbsp;billion (2024),"4,691 (2024)",{{URL|americantower.com}},,,,,{{start date and age|1995}},"[[Boston]], Massachusetts",[[United States]],,,,,,[[CoreSite]],,,,,,,,,,,,,,,,,,,,,,,,,,
"American Water Works Company, Inc.",American Water (company) Logo.svg,,American Water (53572825134).jpg,,"Headquarters in [[Camden, New Jersey]]",,[[Public company|Public]],{{ubl|NYSE|AWK|[[DJUA]] component|[[S&P 500]] component}} {{NYSE|AWK}},,[[Utilities]]<br/>Water and wastewater,,{{ubl|James S. Kuhn|W.S. Kuhn}},,,,"John C. Griffith, President and Chief Executive Officer <br/>Cheryl Norton, EVP and Chief Operating Officer<br/>David Bowler, EVP and Chief Financial Officer <br/>
Stacy Mitchell, EVP and General Counsel<br/>Nicholas Furia, VP and Treasurer<br/>Karl F. Kurz, Board member<br/>Jeffrey Edwards, Director<br/>Kimberly J. Harris, Director<br/>Laurie P. Havanec, Director<br/>Julia L. Johnson, Director<br/>Patricia L. Kampling, Director<br/>Michael L. Marberry, Director<br/>Stuart M. McGuigan, Director <br/>Lori Sutton, CHRO",{{up}} {{US$|4.68 billion|link|=|yes}} <small>(2024)</small>,{{up}} US$1.72 billion <small>(2024)</small>,{{up}} US$1.05 billion <small>(2024)</small>,{{up}} US$32.83 billion <small>(2024)</small>,{{up}} US$10.33 billion <small>(2024)</small>,"6,700",[http://www.amwater.com/ American Water Corporate],,[[Water]],,California American Water<br>Hawaii American Water<br>Illinois American Water<br>Indiana American Water<br>Iowa American Water<br>Kentucky American Water<br>Maryland American Water<br>Missouri American Water<br>New Jersey American Water<br>Pennsylvania American Water<br>Tennessee American Water<br>Virginia American Water<br>West Virginia American Water<br> American Water Military Services Group,{{Start date and age|1886}},"Camden, New Jersey",U.S.,,,,,,,,,,,,,,,,,,,,,,,,,,,,,,,,
"Ameriprise Financial, Inc.",Ameriprise Financial logo.svg,,Ameriprise Financial Center Minneapolis 1.jpg,200px,Headquarters at [[Ameriprise Financial Center]],,[[Public company|Public]],{{ubl|NYSE|AMP|[[S&P 500]] component}} {{NYSE|AMP}},,[[Financial services]],,[[John Elliott Tappan|John Tappan]] and J.R. Ridgway,,,Worldwide,[[James M. Cracchiolo]] ([[Chairman#Public corporations|chairman]] & [[Chief executive officer|CEO]])<BR>Walter S. Berman ([[Chief financial officer|CFO]])<BR>[[Jeff Noddle]] (director)<BR>[[Lon R. Greenberg]] (director),{{increase}} {{US$|17.26&nbsp;billion|link|=|yes}} (2024),{{increase}} {{US$|5.258&nbsp;billion}} (2024),{{increase}} {{US$|3.401&nbsp;billion}} (2024),{{increase}} {{US$|181.4&nbsp;billion}} (2024),{{increase}} {{US$|5.228&nbsp;billion}} (2024),"13,600 (2024)",,,[[Investments]],,,{{Start date and age|1894}},"[[Minneapolis, Minnesota]]",U.S.,,[[Ameriprise Financial Center]],,,,{{ubl|[[Columbia Threadneedle Investments]]|[[RiverSource Life Insurance Company]]}},,,,,"{{flatlist|
* [[Wealth management]]
* [[Asset management]]
* [[Brokerage firm]]
* [[Insurance]]
* [[Financial planner]]}}",,,,,,,,,,,,,,,{{URL|https://ameriprise.com}},,{{increase}} {{US$|1.171&nbsp;trillion}} (2024),,,,
"AMETEK, Inc.",Ametek Logo.svg,,,,,,[[Public company|Public]],{{ubl|NYSE|AME|[[S&P 500]] component}} {{NYSE|AME}},,[[Conglomerate (company)|Conglomerate]],,,,,[[World]]wide,{{nowrap|David A. Zapico}} <br />([[Chairman and CEO]]),{{nowrap|increase| |US$|6.94&nbsp;billion|link|=|yes| (2024)}} {{increase}} {{US$|6.94&nbsp;billion|link|=|yes}} (2024),{{nowrap|increase| US$1.78&nbsp;billion (2024)}} {{increase}} US$1.78&nbsp;billion (2024),{{nowrap|increase| US$1.38&nbsp;billion (2024)}} {{increase}} US$1.38&nbsp;billion (2024),{{nowrap|decrease| US$14.6&nbsp;billion (2024)}} {{decrease}} US$14.6&nbsp;billion (2024),{{nowrap|increase| US$9.66&nbsp;billion (2024)}} {{increase}} US$9.66&nbsp;billion (2024),"21,500",{{URL|ametek.com}},,{{nowrap|[[Electronic instruments]]}} <br> {{nowrap|[[Electromechanical]] devices}},2024,,{{Start date and age|1930}} (as American Machine and Metals),,,,"[[Berwyn, Pennsylvania]], U.S.",,,,,,,,,,,,,,,,,,,,,,,,,,,,,,
Amgen Inc.,Amgen.svg,250px,Amgenheadquarters.jpg,250px,"Headquarters in Thousand Oaks, California",,[[Public company|Public]],{{unbulleted list|NASDAQ|AMGN|[[Nasdaq-100]] component|[[DJIA]] component|[[S&P 100]] component|[[S&P 500]] component}} {{NASDAQ|AMGN}},{{ISIN|sl|=|n|pl|=|y|US0311621009}},[[Biotechnology]],{{start date and age|1980|4|8}},,,,,"{{unbulleted list|[[Robert A. Bradway]] ([[chairman]], [[President (corporate title)|president]] & [[Chief executive officer|CEO]])|[[Howard Y. Chang]] ([[chief scientific officer|CSO]])}}",{{increase}} {{US$|33.4 billion|link|=|yes}} (2024),{{decrease}} {{US$|7.26 billion}} (2024),{{decrease}} {{US$|4.09 billion}} (2024),{{decrease}} {{US$|91.8 billion}} (2024),{{decrease}} {{US$|5.88 billion}} (2024),"28,000 (2024)",{{URL|https://amgen.com/}},,{{hlist|[[Aimovig]]|[[Aranesp]]|[[Blincyto]]|[[Epogen]]|[[Anakinra|Kineret]]|[[Enbrel]]|[[Kyprolis]]|[[Neulasta]]|[[Neupogen]]|[[Nplate]]|[[Parsabiv]]|[[Prolia]]|[[Repatha]]|[[Sensipar]]/[[Mimpara]]|[[Vectibix]]|[[Xgeva]]}},,,,,,,,"{{nowrap|[[Thousand Oaks, California]], U.S.}}",,,,,,,,,,,,,,,,,,,,,,,,,,Applied Molecular Genetics (1980–1983),,,
Amphenol Corporation,Logo Amphenol.svg,,,,,,[[Public company|Public]],{{Unbulleted list|NYSE|APH| (Class A)|[[S&P 500]] component}} {{NYSE|APH}} (Class A),,[[Electronics]],,,,,,"R. Adam Norwitt,<br/>President and CEO",{{nowrap| |increase| |US$|15.2 billion|link|=|yes| (2024)}} {{increase}} {{US$|15.2 billion|link|=|yes}} (2024),{{nowrap| |increase| |US$|3.16 billion| (2024)}} {{increase}} {{US$|3.16 billion}} (2024),{{nowrap| |increase| |US$|2.42 billion| (2024)}} {{increase}} {{US$|2.42 billion}} (2024),{{nowrap| |increase| |US$|21.4 billion| (2024)}} {{increase}} {{US$|21.4 billion}} (2024),{{nowrap| |increase| |US$|9.79 billion| (2024)}} {{increase}} {{US$|9.79 billion}} (2024),"{{circa|125,000}} (2024)",{{URL|https://amphenol.com/}},[[Arthur J. Schmitt]],"{{ubl
|[[Coaxial cable]]s
|[[Optical fiber connector|Connectors]]}}",,,{{Start date and age|1932}},"[[Wallingford, Connecticut|Wallingford]], [[Connecticut]]",United States,,,,,,,,,,,,,,,,,,,,,,,,,,,,,,1.2,,
"Analog Devices, Inc.",Analog Devices Logo.svg,,,,,,[[Public company|Public]],{{ubl|NASDAQ|ADI|[[Nasdaq-100]] component|[[S&P 500]] component}} {{NASDAQ|ADI}},,[[Semiconductors]],,{{ubl|[[Ray Stata]]|[[Matthew Lorber]]}},,,,Vincent Roche ([[chairman]] and [[Chief executive officer|CEO]]),{{increase}} {{US$|11.02&nbsp;billion|link|=|yes}} (2025),{{increase}} {{US$|2.932&nbsp;billion}} (2025),{{increase}} {{US$|2.267&nbsp;billion}} (2025),{{decrease}} {{US$|47.99&nbsp;billion}} (2025),{{decrease}} {{US$|33.82&nbsp;billion}} (2025),"24,500 (2025)",{{URL|https://www.analog.com/|analog.com}},,Semiconductors,,,"{{Start date and age|1965}} in [[Cambridge, Massachusetts]], U.S.",,,,,"{{nowrap|[[Wilmington, Massachusetts]], U.S.}}",,,,,,,,,,,,,,Financials {{as of|2025|11|01|lc|=|y|df|=|US}} .,,,,,,,,,,,,,1.1,,
Aon plc,Aon Corporation logo.svg,,122 Leadenhall Street - geograph-3968154-by-Julian-Osley.jpg,,"Headquarters at [[122 Leadenhall Street]], London",,[[Public company|Public]],{{ubl|NYSE|AON| (Class A)|[[S&P 500]] component}} {{NYSE|AON}} (Class A),,[[Financial services]],,,,,Worldwide,{{unbulleted list|Lester Knight ([[chairman]])|Eric Andersen ([[President (corporate title)|president]])|[[Gregory C. Case|Greg Case]] ([[chief executive officer|CEO]])}},{{nowrap|increase| |US$|15.70 billion|link|=|yes| (2024)}} {{increase}} {{US$|15.70 billion|link|=|yes}} (2024),{{increase}} US$3.835 billion (2024),{{increase}} US$2.654 billion (2024),{{increase}} US$48.96 billion (2024),{{increase}} US$6.121 billion (2024),"{{circa|66,000}} (2024)",{{Official URL}},[[Pat Ryan (executive)|Patrick Ryan]],,,,{{Start date and age|1982}},,,,,"[[122 Leadenhall Street]], [[London]], United Kingdom",,,,,,,,{{unbulleted list|Risk consulting|Retirement consulting|Health consulting}},,,,,,,,,,,,,,,,,,,,,
APA Corporation,ApacheLogo.svg,,PostOakCentralMarsh.JPG,,"The headquarters of the company in [[Post Oak Central]], [[Houston, Texas]].",,[[Public company|Public]],{{ubl|NASDAQ|APA|[[S&P 500]] component}} {{NASDAQ|APA}},{{ISIN|sl|=|n|pl|=|y|US03743Q1085}},[[Petroleum industry]],,{{ubl|Truman Anderson|Charles Arnao|[[Raymond Plank]]}},,,,John J. Christmann IV ([[Chief executive officer|CEO]]),{{increase}} {{US$|9.74&nbsp;billion|link|=|yes}} (2024),{{decrease}} US$1.90&nbsp;billion (2024),{{decrease}} US$804&nbsp;million (2024),{{increase}} US$19.4&nbsp;billion (2024),{{increase}} US$5.28&nbsp;billion (2024),"2,305 (2024)",{{URL|https://apacorp.com}},,{{ubl|[[Petroleum]]|[[Natural gas]]}},,,{{Start date and age|1954|12|6}},,,,"[[Post Oak Central]]<br />[[Houston, Texas]], U.S.",,,,,,,,,,,,,,,,,,,,,,,,,,,,,{{convert|454.7|e3BOE|lk|=|in}} per day (2024),
"Apollo Global Management, Inc.",Apollo Global Management logo.svg,,Solow Building (53872707559).jpg,,Headquarters at the [[Solow Building]] in New York City,,[[Public company|Public]],{{ubl|NYSE|APO|[[S&P 500]] component}} {{NYSE|APO}},,[[Asset management]],,{{ubl|[[Leon Black]]|[[Josh Harris (businessman)|Josh Harris]]|[[Marc Rowan]]|[[Tony Ressler]]}},,,,Marc Rowan<br> {{small|(Chairman and CEO)}} <br>Jim Zelter<br> {{small|(President)}} <br>Scott Kleinman<br> {{small|(Co-President)}} <br>John Zito<br> {{small|(Co-President)}},{{decrease}} {{US$|26.11&nbsp;billion|link|=|yes}},{{increase}} US$7.435&nbsp;billion,{{decrease}} US$6.373&nbsp;billion,{{increase}} US$377.9&nbsp;billion,{{increase}} US$30.96&nbsp;billion,"5,108",{{URL|apollo.com}},,"[[Private equity fund]]s, credit funds, [[real estate]] funds, [[alternative investment]], [[leveraged buyout]]s, [[growth capital]], [[venture capital]]",2024,,{{Start date and age|1990}},"[[New York, New York]]",U.S.,,[[Solow Building]],,,,,,,,,,2024,2024,2024,2024,2024,,,,,,,,,,,,{{increase}} US$840&nbsp;billion (2025),,,,
Apple Inc.,{{dark mode switch|[[File:Apple logo white.svg|frameless|upright=0.45|class=logo-nobg]]|[[File:Apple logo black.svg|frameless|upright=0.45|class=logo-nobg]]|logo}},,Aerial view of Apple Park dllu.jpg,,"Aerial view of [[Apple Park]], the company's headquarters, in [[Cupertino, California]]","{{Unbulleted list | Apple Computer Company (1976–1977) | Apple Computer, Inc. (1977–2007)}}",[[Public company|Public]],{{Unbulleted list | |NASDAQ|AAPL| | [[Nasdaq-100]] component | [[DJIA]] component | [[S&P 100]] component | [[S&P 500]] component}} {{NASDAQ|AAPL}},{{ISIN|sl|=|n|pl|=|y|US0378331005}},{{Unbulleted list | Consumer electronics | Software services | Online services}},,{{Unbulleted list | [[Steve Jobs]] | [[Steve Wozniak]] | [[Ronald Wayne]]}},,,Worldwide,"{{Unbulleted list
 | [[Tim Cook]] ([[CEO]])
 | [[Arthur Levinson]] ([[chairman]])}}",{{increase}} {{US dollar|416&nbsp;billion}},{{increase}} {{US dollar|133&nbsp;billion}},{{increase}} {{US dollar|112&nbsp;billion}},{{decrease}} {{US dollar|359&nbsp;billion}},{{increase}} {{US dollar|74&nbsp;billion}},"166,000",{{URL|https://www.apple.com/|apple.com}},,"{{flatlist|
* [[AirPods]]
* [[AirTag]]
* [[Apple TV (device)|Apple TV]]
* [[Apple Vision Pro]]
* [[Apple Watch]]
* [[HomePod]]
* [[iPad]]
* [[iPhone]]
* [[Mac (computer)|Mac]]}}",2025,,"{{Start date and age|1976|04|01|p|=|yes}} , in [[Los Altos, California]], US","Cupertino, California",US,,Apple Park,,Variant of the [[Apple logo]] used since 1977,,"{{Unbulleted list | Apple Financing|ref| name=""b350""|{{cite press release | title=Apple introduces Apple Pay Later | website=Apple Newsroom | date=March 28, 2023 | url=https://www.apple.com/newsroom/2023/03/apple-introduces-apple-pay-later/ | access-date=August 21, 2025}}|</ref>| | [[Apple Studios]] | [[Beats Electronics]] | [[Beddit]] | [[Braeburn Capital]] | [[Claris]] | [[Globalstar]] (20%)}}",,537 [[Apple Store]]s,1.1,,"{{flatlist|
* [[App Store (Apple)|App Store]]
* [[Apple Arcade]]
* [[Apple Card]]
* [[Apple Music]]
* [[Apple Pay]]
* [[Apple TV (streaming service)|Apple TV]]
* [[CarPlay]]
* [[iCloud]]
* [[Pixelmator]]
* [[Shazam (music app)|Shazam]]}}",2025,2025,2025,2025,2025,Financials {{as of|2025|9|27|df|=|US|pre|=|fiscal year ended|lc|=|y}} .<br />References:,,,,,,,,{{infobox network service provider|child|=|yes|asn|=|714}},,,,,,,2025
"Applied Materials, Inc.",Applied Materials Inc. Logo.svg,,,,,,[[Public company|Public]],{{ubl|NASDAQ|AMAT|[[Nasdaq-100]] component|[[S&P 500]] component}} {{NASDAQ|AMAT}},,[[Semiconductor]]s,,,,,Worldwide,{{ubl|[[Gary E. Dickerson]] ([[President (corporate title)|President]] & [[Chief Executive Officer|CEO]])|Thomas J. Iannotti ([[Chairman]])}},{{increase}} {{US$|27.18 billion|link|=|yes}} (2024),{{increase}} {{US$|7.867 billion}} (2024),{{increase}} {{US$|7.177 billion}} (2024),{{increase}} {{US$|34.41 billion}} (2024),{{increase}} {{US$|19.00 billion}} (2024),"35,700 (2024)",{{URL|https://www.appliedmaterials.com/|appliedmaterials.com}},Michael A. McNeilly,,,,{{Start date and age|1967|11|10}},,,,"{{nowrap|[[Santa Clara, California]], U.S.}}",,,,,,,,,,,,,,,Financials {{as of |2024|10|27|lc|=|y|df|=|US}} .,,,,,,,,,,,,,1.2,,
