Owner,Year,Production_BF_BOF,Production_EAF,Emissions_BF_BOF,Emissions_EAF,Total_Steel_Production,Total_CO2_Emissions,Number_of_Plants,BF_BOF_Share,EAF_Share
Angang Steel Co Ltd,2020,21102.399773499437,0.0,44315.039524348824,0.0,21102.399773499437,44315.039524348824,2,100.0,0.0
Zhangjiagang Hongchang Steel Co Ltd,2020,12867.362182768535,2852.302386967506,27021.460583813925,3707.993103057758,15719.66456973604,30729.453686871682,1,81.9,18.1
Wuhan Iron and Steel Co Ltd,2020,14754.98343723321,0.0,30985.465218189744,0.0,14754.98343723321,30985.465218189744,1,100.0,0.0
Inner Mongolia BaoTou Steel Union Co Ltd,2020,14479.49276766269,0.0,30406.93481209165,0.0,14479.49276766269,30406.93481209165,1,100.0,0.0
Shanxi Taigang Stainless Steel Co Ltd,2020,8162.686505793188,3394.935524000349,17141.641662165697,4413.416181200453,11557.622029793536,21555.05784336615,1,70.6,29.4
Bengang Steel Plates Co Ltd,2020,11501.96734907222,0.0,24154.13143305166,0.0,11501.96734907222,24154.13143305166,1,100.0,0.0
Rizhao Steel Holding Group Co Ltd,2020,10481.631535848072,0.0,22011.42622528095,0.0,10481.631535848072,22011.42622528095,1,100.0,0.0
Zhangjiagang Rongsheng Steel-Making Co Ltd,2020,9805.427165084067,0.0,20591.397046676542,0.0,9805.427165084067,20591.397046676542,1,100.0,0.0
Shandong IRON&STEEL Group Rizhao Co Ltd,2020,7884.413102186602,0.0,16557.267514591866,0.0,7884.413102186602,16557.267514591866,1,100.0,0.0
Baosteel Group Xinjiang Bayi Iron & Steel Co Ltd,2020,6353.90938235038,417.41010540987895,13343.2097029358,542.6331370328427,6771.319487760259,13885.842839968642,1,93.8,6.2
Shanxi Liheng Iron and Steel Co Ltd,2020,6493.046084153672,0.0,13635.396776722713,0.0,6493.046084153672,13635.396776722713,1,100.0,0.0
Lianfeng Steel (Zhangjiagang) Co Ltd,2020,5305.746228765573,927.5780120219532,11142.067080407704,1205.8514156285391,6233.324240787526,12347.918496036244,1,85.1,14.9
Shandong Iron and Steel Co Ltd,2020,5407.779810087987,333.92808432790315,11356.337601184774,434.1065096262741,5741.70789441589,11790.444110811048,1,94.2,5.8
Lingyuan Iron & Steel Co Ltd,2020,5559.902604059587,0.0,11675.795468525133,0.0,5559.902604059587,11675.795468525133,1,100.0,0.0
Rizhao Steel Yingkou Medium Plate Co Ltd,2020,5101.679066120742,0.0,10713.526038853559,0.0,5101.679066120742,10713.526038853559,1,100.0,0.0
Zhongxin Iron and Steel Group Co Ltd,2020,5008.921264918547,0.0,10518.73465632895,0.0,5008.921264918547,10518.73465632895,1,100.0,0.0
Laiwu Steel Yinshan Section Co Ltd,2020,4638.817638121788,0.0,9741.517040055756,0.0,4638.817638121788,9741.517040055756,1,100.0,0.0
Shanxi Jinnan Iron and Steel Group Co Ltd,2020,4452.374457705376,0.0,9349.986361181289,0.0,4452.374457705376,9349.986361181289,1,100.0,0.0
Shanxi Jianlong Industrial Co Ltd,2020,4405.995557104277,0.0,9252.590669918984,0.0,4405.995557104277,9252.590669918984,1,100.0,0.0
JiuJiang PXSteel Co Ltd,2020,4359.61665650318,0.0,9155.194978656678,0.0,4359.61665650318,9155.194978656678,1,100.0,0.0
Shiheng SPECIAL Steel Group Co Ltd,2020,4313.237755902082,0.0,9057.799287394373,0.0,4313.237755902082,9057.799287394373,1,100.0,0.0
Jincheng FUSHENG Iron & Steel Co Ltd,2020,4266.858855300985,0.0,8960.40359613207,0.0,4266.858855300985,8960.40359613207,1,100.0,0.0
Tonghua Iron & Steel Co Ltd,2020,4257.583075180765,0.0,8940.924457879608,0.0,4257.583075180765,8940.924457879608,1,100.0,0.0
Tianjin Tiangang UNITED SPECIAL Steel Co Ltd,2020,4174.101054098789,0.0,8765.612213607457,0.0,4174.101054098789,8765.612213607457,1,100.0,0.0
Chengyu Vanadium & Titanium Technology Co Ltd,2020,3756.6909486889103,0.0,7889.050992246712,0.0,3756.6909486889103,7889.050992246712,1,100.0,0.0
Ningbo Iron & Steel Co Ltd,2020,3709.384470075791,0.0,7789.707387159161,0.0,3709.384470075791,7789.707387159161,1,100.0,0.0
Pangang Group Xichang Steel and Vanadium Co Ltd,2020,3617.5542468856174,0.0,7596.863918459797,0.0,3617.5542468856174,7596.863918459797,1,100.0,0.0
Shaanxi LONG MEN IRON&STEEL Co Ltd,2020,3524.7964456834225,0.0,7402.072535935187,0.0,3524.7964456834225,7402.072535935187,1,100.0,0.0
Zenith Steel Group Co Ltd,2020,3432.038644481227,0.0,7207.281153410577,0.0,3432.038644481227,7207.281153410577,1,100.0,0.0
Shanxi Zhongyang Iron & Steel Co Ltd,2020,3339.2808432790316,0.0,7012.489770885967,0.0,3339.2808432790316,7012.489770885967,1,100.0,0.0
Shougang Changzhi IRON& Steel Co Ltd,2020,3339.2808432790316,0.0,7012.489770885967,0.0,3339.2808432790316,7012.489770885967,1,100.0,0.0
Xiwang METAL Science Technology Co Ltd,2020,2133.4294276504925,1205.8514156285391,4480.201798066035,1567.606840317101,3339.2808432790316,6047.808638383136,1,63.9,36.1
Ningxia Jianlong Special Steel Co Ltd,2020,3246.523042076836,0.0,6817.698388361357,0.0,3246.523042076836,6817.698388361357,1,100.0,0.0
Linyi Iron and Steel Investment Group Co Ltd,2020,2504.4606324592737,649.3046084153673,5259.367328164475,844.0959909399775,3153.7652408746408,6103.463319104452,1,79.4,20.6
Yangzhou Hengrun Ocean Heavy Industry Co Ltd,2020,3061.007439672446,0.0,6428.115623312136,0.0,3061.007439672446,6428.115623312136,1,100.0,0.0
Rockcheck Steel Group Co Ltd,2020,3014.628539071348,0.0,6330.719932049831,0.0,3014.628539071348,6330.719932049831,1,100.0,0.0
Jiangsu Xusteel Group Co Ltd,2020,2829.1129366669575,0.0,5941.137167000611,0.0,2829.1129366669575,5941.137167000611,1,100.0,0.0
Lianyungang Xingxin Iron and Steel Co Ltd,2020,2782.7340360658595,0.0,5843.741475738305,0.0,2782.7340360658595,5843.741475738305,1,100.0,0.0
Lianyungang Yaxin Iron and Steel Co Ltd,2020,2782.7340360658595,0.0,5843.741475738305,0.0,2782.7340360658595,5843.741475738305,1,100.0,0.0
Shangang Group Hanzhong Iron & Steel Co Ltd,2020,2782.7340360658595,0.0,5843.741475738305,0.0,2782.7340360658595,5843.741475738305,1,100.0,0.0
Shanxi Xintai Iron & Steel Co Ltd,2020,2782.7340360658595,0.0,5843.741475738305,0.0,2782.7340360658595,5843.741475738305,1,100.0,0.0
Tianjin Metallurgy Group Zhasan Steel Co Ltd,2020,2782.7340360658595,0.0,5843.741475738305,0.0,2782.7340360658595,5843.741475738305,1,100.0,0.0
Tianjin Pipe Corp,2020,0.0,2782.7340360658595,0.0,3617.5542468856174,2782.7340360658595,3617.5542468856174,1,0.0,100.0
Weifang SPECIAL Steel Group Co Ltd,2020,2782.7340360658595,0.0,5843.741475738305,0.0,2782.7340360658595,5843.741475738305,1,100.0,0.0
Yunnan Yuxi Xianfu Iron and Steel (Group) Co Ltd,2020,2411.7028312570783,352.4796445683422,5064.575945639865,458.2235379388449,2764.1824758254206,5522.799483578709,1,87.2,12.8
Shandong Shouguang Juneng SPECIAL Steel Co Ltd,2020,2179.80832825159,463.7890060109766,4577.597489328339,602.9257078142696,2643.5973342625666,5180.523197142609,1,82.5,17.5
Fangda Special Steel Technology Co Ltd,2020,2597.218433661469,0.0,5454.158710689086,0.0,2597.218433661469,5454.158710689086,1,100.0,0.0
Yingkou Iron & Steel Co Ltd,2020,2597.218433661469,0.0,5454.158710689086,0.0,2597.218433661469,5454.158710689086,1,100.0,0.0
Anhui Guihang Special Steel Co Ltd,2020,2504.4606324592737,0.0,5259.367328164475,0.0,2504.4606324592737,5259.367328164475,1,100.0,0.0
Fulun Iron & Steel Co Ltd,2020,2504.4606324592737,0.0,5259.367328164475,0.0,2504.4606324592737,5259.367328164475,1,100.0,0.0
Fushun New Steel Corp Ltd,2020,2504.4606324592737,0.0,5259.367328164475,0.0,2504.4606324592737,5259.367328164475,1,100.0,0.0
Jiangsu Shente Steel Corp,2020,2504.4606324592737,0.0,5259.367328164475,0.0,2504.4606324592737,5259.367328164475,1,100.0,0.0
Jilin Jianlong Steel Co Ltd,2020,2504.4606324592737,0.0,5259.367328164475,0.0,2504.4606324592737,5259.367328164475,1,100.0,0.0
Linyi Jiangxin Steel Co Ltd,2020,2504.4606324592737,0.0,5259.367328164475,0.0,2504.4606324592737,5259.367328164475,1,100.0,0.0
Shandong Chuanyang Group Co Ltd,2020,2504.4606324592737,0.0,5259.367328164475,0.0,2504.4606324592737,5259.367328164475,1,100.0,0.0
Shandong Iron Steel Group Yongfeng Zibo Co Ltd,2020,2504.4606324592737,0.0,5259.367328164475,0.0,2504.4606324592737,5259.367328164475,1,100.0,0.0
Shandong Laigang Yongfeng Steel Corp,2020,2504.4606324592737,0.0,5259.367328164475,0.0,2504.4606324592737,5259.367328164475,1,100.0,0.0
Shandong Xinhua Special Steel Group Co Ltd,2020,2504.4606324592737,0.0,5259.367328164475,0.0,2504.4606324592737,5259.367328164475,1,100.0,0.0
Benxi Beiying Iron & Steel (GROUP) Co Ltd,2020,2411.7028312570783,0.0,5064.575945639865,0.0,2411.7028312570783,5064.575945639865,1,100.0,0.0
Yunnan Qujing Iron and Steel Group Chenggang Iron and Steel Co Ltd,2020,2411.7028312570783,0.0,5064.575945639865,0.0,2411.7028312570783,5064.575945639865,1,100.0,0.0
WISCO Group Kunming Steel Co Ltd,2020,2365.323930655981,0.0,4967.18025437756,0.0,2365.323930655981,4967.18025437756,1,100.0,0.0
Shanxi Tongde Xinghua Special Steel Co Ltd,2020,2318.945030054883,0.0,4869.784563115254,0.0,2318.945030054883,4869.784563115254,1,100.0,0.0
Chifeng Yuanlian Steel Co Ltd,2020,2272.5661294537854,0.0,4772.38887185295,0.0,2272.5661294537854,4772.38887185295,1,100.0,0.0
Yangzhou Qinyou Special Metal Materials Co Ltd,2020,2226.187228852688,0.0,4674.993180590644,0.0,2226.187228852688,4674.993180590644,1,100.0,0.0
Liaoyang United Steel Co Ltd,2020,2133.4294276504925,0.0,4480.201798066035,0.0,2133.4294276504925,4480.201798066035,1,100.0,0.0
Shanxi HONGDA Iron and Steel Group Co Ltd,2020,2133.4294276504925,0.0,4480.201798066035,0.0,2133.4294276504925,4480.201798066035,1,100.0,0.0
Sichuan Dazhou Iron & Steel Group Co Ltd,2020,2133.4294276504925,0.0,4480.201798066035,0.0,2133.4294276504925,4480.201798066035,1,100.0,0.0
Jiangsu Province Binxin Steel Group Co Ltd,2020,2087.0505270493945,0.0,4382.806106803729,0.0,2087.0505270493945,4382.806106803729,1,100.0,0.0
Changshu Longteng Special Steel Co Ltd,2020,1252.2303162296369,800.4998243749457,2629.6836640822376,1040.6497716874294,2052.7301406045826,3670.3334357696667,1,61.0,39.0
Xiangfen County XinJinShan Special Steel Co Ltd,2020,2040.671626448297,0.0,4285.410415541424,0.0,2040.671626448297,4285.410415541424,1,100.0,0.0
BERIS Jiangsu Heavy Industry Co Ltd,2020,0.0,1855.1560240439064,0.0,2411.7028312570783,1855.1560240439064,2411.7028312570783,1,0.0,100.0
Houying Group Haicheng Iron and Steel Co Ltd,2020,1855.1560240439064,0.0,3895.8276504922037,0.0,1855.1560240439064,3895.8276504922037,1,100.0,0.0
Inner Mongolia Yaxinlongshun Special Steel Co Ltd,2020,1855.1560240439064,0.0,3895.8276504922037,0.0,1855.1560240439064,3895.8276504922037,1,100.0,0.0
Jiangsu Changqiang Iron & Steel Co Ltd,2020,1855.1560240439064,0.0,3895.8276504922037,0.0,1855.1560240439064,3895.8276504922037,1,100.0,0.0
Luzhou Xinyang Vanadium Titanium Steel Co Ltd,2020,0.0,1855.1560240439064,0.0,2411.7028312570783,1855.1560240439064,2411.7028312570783,1,0.0,100.0
Shandong Longsheng Iron and Steel Co Ltd,2020,1855.1560240439064,0.0,3895.8276504922037,0.0,1855.1560240439064,3895.8276504922037,1,100.0,0.0
Tangshan Wenfeng Special Steel Co Ltd,2020,1252.2303162296369,602.9257078142696,2629.6836640822376,783.8034201585505,1855.1560240439064,3413.487084240788,1,67.5,32.5
Xiangfen County Xingyuan Steel Group Co Ltd,2020,1855.1560240439064,0.0,3895.8276504922037,0.0,1855.1560240439064,3895.8276504922037,1,100.0,0.0
Xinxing Ductile Iron Pipes Xinjiang Co Ltd,2020,1855.1560240439064,0.0,3895.8276504922037,0.0,1855.1560240439064,3895.8276504922037,1,100.0,0.0
Lucheng Xingbao Iron & Steel Co Ltd,2020,1762.3982228417112,0.0,3701.0362679675936,0.0,1762.3982228417112,3701.0362679675936,1,100.0,0.0
Shandong Minyuan Steel & Iron Co Ltd,2020,1762.3982228417112,0.0,3701.0362679675936,0.0,1762.3982228417112,3701.0362679675936,1,100.0,0.0
Yunnan Yuxi Iron and Steel Group Yukun Iron and Steel Co Ltd,2020,1755.9051767575575,0.0,3687.400871190871,0.0,1755.9051767575575,3687.400871190871,1,100.0,0.0
Anshan Baode Iron & Steel Co Ltd,2020,1669.6404216395158,0.0,3506.2448854429836,0.0,1669.6404216395158,3506.2448854429836,1,100.0,0.0
Tianjin Tianfeng Steel Co Ltd,2020,1669.6404216395158,0.0,3506.2448854429836,0.0,1669.6404216395158,3506.2448854429836,1,100.0,0.0
Yunnan Desheng Steel Co Ltd,2020,0.0,1641.8130812788572,0.0,2134.3570056625144,1641.8130812788572,2134.3570056625144,1,0.0,100.0
Licheng Taihang Iron & Steel Co Ltd,2020,1576.8826204373204,0.0,3311.453502918373,0.0,1576.8826204373204,3311.453502918373,1,100.0,0.0
Shanxi Meijin Iron and Steel Co Ltd,2020,1576.8826204373204,0.0,3311.453502918373,0.0,1576.8826204373204,3311.453502918373,1,100.0,0.0
Xuzhou Baofeng Special Steel Co Ltd,2020,1576.8826204373204,0.0,3311.453502918373,0.0,1576.8826204373204,3311.453502918373,1,100.0,0.0
Yunnan Jingye Steel Co,2020,1576.8826204373204,0.0,3311.453502918373,0.0,1576.8826204373204,3311.453502918373,1,100.0,0.0
Jiangsu Xingda Steel Group Co Ltd,2020,1484.1248192351252,0.0,3116.662120393763,0.0,1484.1248192351252,3116.662120393763,1,100.0,0.0
Jiangsu HONGTAI Metals Ware Co Ltd,2020,0.0,1461.8629469465982,0.0,1900.4218310305778,1461.8629469465982,1900.4218310305778,1,0.0,100.0
Danyang Longjiang Steel Co Ltd,2020,1391.3670180329298,0.0,2921.8707378691524,0.0,1391.3670180329298,2921.8707378691524,1,100.0,0.0
Jiangyin Huaxi Steel Co Ltd,2020,1391.3670180329298,0.0,2921.8707378691524,0.0,1391.3670180329298,2921.8707378691524,1,100.0,0.0
Longnan Fuxin Steel Co Ltd,2020,0.0,1391.3670180329298,0.0,1808.7771234428087,1391.3670180329298,1808.7771234428087,1,0.0,100.0
Sichuan Shengquan Iron and Steel Group Co Ltd,2020,0.0,1391.3670180329298,0.0,1808.7771234428087,1391.3670180329298,1808.7771234428087,1,0.0,100.0
Jishan Mingfu Steel Products Co Ltd,2020,1329.219291227459,0.0,2791.360511577664,0.0,1329.219291227459,2791.360511577664,1,100.0,0.0
Yantai Walsin Stainless Steel Co Ltd,2020,0.0,1298.6092168307346,0.0,1688.191981879955,1298.6092168307346,1688.191981879955,1,0.0,100.0
Yunnan Qujing Iron and Steel Group Co Ltd,2020,0.0,1298.6092168307346,0.0,1688.191981879955,1298.6092168307346,1688.191981879955,1,0.0,100.0
Inner Mongolia Desheng Metal Products Co Ltd,2020,1252.2303162296369,0.0,2629.6836640822376,0.0,1252.2303162296369,2629.6836640822376,1,100.0,0.0
Jiangsu Delong Nickel Industry Co Ltd,2020,0.0,1252.2303162296369,0.0,1627.899411098528,1252.2303162296369,1627.899411098528,1,0.0,100.0
Tianjin Tianzhong Giant Heavy Industry Co Ltd,2020,1252.2303162296369,0.0,2629.6836640822376,0.0,1252.2303162296369,2629.6836640822376,1,100.0,0.0
Wulanhot Iron & Steel Co Ltd,2020,1252.2303162296369,0.0,2629.6836640822376,0.0,1252.2303162296369,2629.6836640822376,1,100.0,0.0
Xinjiang KingTec Steel Co Ltd,2020,1237.3890680372856,0.0,2598.5170428783,0.0,1237.3890680372856,2598.5170428783,1,100.0,0.0
Baotou Deshun Spec. Steel Co Ltd,2020,1159.4725150274414,0.0,2434.892281557627,0.0,1159.4725150274414,2434.892281557627,1,100.0,0.0
Huahong Iron and Steel Products Co Ltd,2020,0.0,1113.093614426344,0.0,1447.0216987542472,1113.093614426344,1447.0216987542472,1,0.0,100.0
Shanxi Dongfang Hengliu Precision Casting Co,2020,1113.093614426344,0.0,2337.496590295322,0.0,1113.093614426344,2337.496590295322,1,100.0,0.0
Zhejiang Wantai Special Steel Co Ltd,2020,0.0,1113.093614426344,0.0,1447.0216987542472,1113.093614426344,1447.0216987542472,1,0.0,100.0
Hejin Huaxinyuan Steel & Iron Co Ltd,2020,1066.7147138252462,0.0,2240.1008990330174,0.0,1066.7147138252462,2240.1008990330174,1,100.0,0.0
Xinjiang Minxin Iron and Steel (Group) Minhang Special Steel Co Ltd,2020,0.0,1029.611593344368,0.0,1338.4950713476785,1029.611593344368,1338.4950713476785,1,0.0,100.0
Jilinheng Precision Casting Technology Co Ltd,2020,1020.3358132241485,0.0,2142.705207770712,0.0,1020.3358132241485,2142.705207770712,1,100.0,0.0
Posco (Zhangjiagang) Stainless Steel Co Ltd,2020,0.0,1020.3358132241485,0.0,1326.4365571913931,1020.3358132241485,1326.4365571913931,1,0.0,100.0
Zhejiang Yuxin Industrial Co Ltd,2020,0.0,1020.3358132241485,0.0,1326.4365571913931,1020.3358132241485,1326.4365571913931,1,0.0,100.0
Dazhou Hangda Steel Co Ltd,2020,0.0,927.5780120219532,0.0,1205.8514156285391,927.5780120219532,1205.8514156285391,1,0.0,100.0
Jiangxi Taixin Iron & Steel Co Ltd,2020,0.0,927.5780120219532,0.0,1205.8514156285391,927.5780120219532,1205.8514156285391,1,0.0,100.0
Xinjiang Da'an Special Steel Co Ltd,2020,927.5780120219532,0.0,1947.9138252461019,0.0,927.5780120219532,1947.9138252461019,1,100.0,0.0
Xuzhou Jinhong Iron and Steel Group Co Ltd,2020,0.0,927.5780120219532,0.0,1205.8514156285391,927.5780120219532,1205.8514156285391,1,0.0,100.0
Jinye Steel Group Co Ltd,2020,881.1991114208556,0.0,1850.5181339837968,0.0,881.1991114208556,1850.5181339837968,1,100.0,0.0
Yuxi Xinxing Iron & Steel Co Ltd,2020,879.3439553968117,0.0,1846.6223063333046,0.0,879.3439553968117,1846.6223063333046,1,100.0,0.0
Baotou Jiyu Steel Co Ltd,2020,834.8202108197579,0.0,1753.1224427214918,0.0,834.8202108197579,1753.1224427214918,1,100.0,0.0
Xining Special Steel Co Ltd,2020,834.8202108197579,0.0,1753.1224427214918,0.0,834.8202108197579,1753.1224427214918,1,100.0,0.0
Baicheng Fuda Bar Rolling Co Ltd,2020,0.0,730.9314734732991,0.0,950.2109155152889,730.9314734732991,950.2109155152889,1,0.0,100.0
Jiangyin Xicheng Steel Co Ltd,2020,0.0,667.8561686558063,0.0,868.2130192525482,667.8561686558063,868.2130192525482,1,0.0,100.0
Shaanxi Hanzhong Iron & Steel Group Co,2020,0.0,649.3046084153673,0.0,844.0959909399775,649.3046084153673,844.0959909399775,1,0.0,100.0
Zibo Qilin Fushan Steel Co Ltd,2020,649.3046084153673,0.0,1363.5396776722714,0.0,649.3046084153673,1363.5396776722714,1,100.0,0.0
Pan Gang Group Sichuan Changcheng Special Steel Co Ltd,2020,0.0,620.5496900426867,0.0,806.7145970554927,620.5496900426867,806.7145970554927,1,0.0,100.0
Lianyungang Huale Alloy Group Co Ltd,2020,576.025945465633,0.0,1209.6544854778292,0.0,576.025945465633,1209.6544854778292,1,100.0,0.0
Baotou Baoxin Special Steel Co Ltd,2020,556.546807213172,0.0,1168.748295147661,0.0,556.546807213172,1168.748295147661,1,100.0,0.0
Shaanxi Huaxin Special Steel Group Co Ltd,2020,0.0,556.546807213172,0.0,723.5108493771236,556.546807213172,723.5108493771236,1,0.0,100.0
Sichuan Gangchen Stainless Steel Co Ltd,2020,0.0,556.546807213172,0.0,723.5108493771236,556.546807213172,723.5108493771236,1,0.0,100.0
Sichuan Shehong Chuanzhong Construction Materials Co Ltd,2020,0.0,510.16790661207426,0.0,663.2182785956966,510.16790661207426,663.2182785956966,1,0.0,100.0
"Guangde Xinyuanda Metal Products Co., Ltd. Co Ltd",2020,0.0,463.7890060109766,0.0,602.9257078142696,463.7890060109766,602.9257078142696,1,0.0,100.0
Jiangxi Yuanxing Iron and Steel Co Ltd,2020,0.0,463.7890060109766,0.0,602.9257078142696,463.7890060109766,602.9257078142696,1,0.0,100.0
Jilin Steel Group Taihua Metal Equipment Manufacture Co Ltd,2020,0.0,463.7890060109766,0.0,602.9257078142696,463.7890060109766,602.9257078142696,1,0.0,100.0
Liaoyang Xinyi Special Steel Co Ltd,2020,0.0,463.7890060109766,0.0,602.9257078142696,463.7890060109766,602.9257078142696,1,0.0,100.0
Ningbo Haoyang New MATERIALS Techonology Co Ltd,2020,0.0,463.7890060109766,0.0,602.9257078142696,463.7890060109766,602.9257078142696,1,0.0,100.0
YunNan Province Tiangao Nickel Alloy Co Ltd,2020,0.0,463.7890060109766,0.0,602.9257078142696,463.7890060109766,602.9257078142696,1,0.0,100.0
Zhejiang TSINGSHAN IRON&STEEL Co Ltd,2020,0.0,463.7890060109766,0.0,602.9257078142696,463.7890060109766,602.9257078142696,1,0.0,100.0
Xinjiang Xin'an Special Steel Co Ltd,2020,0.0,371.0312048087813,0.0,482.3405662514157,371.0312048087813,482.3405662514157,1,0.0,100.0
Changzhou Dongfang Special Steel Co Ltd,2020,0.0,333.92808432790315,0.0,434.1065096262741,333.92808432790315,434.1065096262741,1,0.0,100.0
"Fugang METAL Manufacturing Co.ltd.,jilinjigang Steel Group",2020,0.0,333.92808432790315,0.0,434.1065096262741,333.92808432790315,434.1065096262741,1,0.0,100.0
Jinzhou Jinxing Special Steel Co Ltd,2020,0.0,333.92808432790315,0.0,434.1065096262741,333.92808432790315,434.1065096262741,1,0.0,100.0
Angang Steel Co Ltd,2021,20542.31936327955,0.0,43138.87066288705,0.0,20542.31936327955,43138.87066288705,2,100.0,0.0
Zhangjiagang Hongchang Steel Co Ltd,2021,12525.848536589621,2776.5992106410818,26304.281926838205,3609.5789738334065,15302.447747230703,29913.86090067161,1,81.9,18.1
Wuhan Iron and Steel Co Ltd,2021,14363.370290623638,0.0,30163.07761030964,0.0,14363.370290623638,30163.07761030964,1,100.0,0.0
Inner Mongolia BaoTou Steel Union Co Ltd,2021,14095.191440034889,0.0,29599.902024073268,0.0,14095.191440034889,29599.902024073268,1,100.0,0.0
Shanxi Taigang Stainless Steel Co Ltd,2021,7946.040017444396,3304.8302799825556,16686.684036633233,4296.279363977323,11250.87029742695,20982.963400610555,1,70.6,29.4
Bengang Steel Plates Co Ltd,2021,11196.692751853467,0.0,23513.05477889228,0.0,11196.692751853467,23513.05477889228,1,100.0,0.0
Rizhao Steel Holding Group Co Ltd,2021,10203.437749672918,0.0,21427.219274313127,0.0,10203.437749672918,21427.219274313127,1,100.0,0.0
Zhangjiagang Rongsheng Steel-Making Co Ltd,2021,9545.18057095508,0.0,20044.87919900567,0.0,9545.18057095508,20044.87919900567,1,100.0,0.0
Shandong IRON&STEEL Group Rizhao Co Ltd,2021,7675.152289576973,0.0,16117.819808111644,0.0,7675.152289576973,16117.819808111644,1,100.0,0.0
Baosteel Group Xinjiang Bayi Iron & Steel Co Ltd,2021,6185.269786306149,406.33159180113387,12989.066551242915,528.231069341474,6591.601378107283,13517.29762058439,1,93.8,6.2
Shanxi Liheng Iron and Steel Co Ltd,2021,6320.713650239861,0.0,13273.498665503708,0.0,6320.713650239861,13273.498665503708,1,100.0,0.0
Lianfeng Steel (Zhangjiagang) Co Ltd,2021,5164.926011338857,902.9590928914087,10846.344623811601,1173.8468207588312,6067.885104230266,12020.191444570431,1,85.1,14.9
Shandong Iron and Steel Co Ltd,2021,5264.251511556912,325.0652734409071,11054.928174269517,422.58485547317923,5589.316784997819,11477.513029742695,1,94.2,5.8
Lingyuan Iron & Steel Co Ltd,2021,5412.336802791104,0.0,11365.907285861318,0.0,5412.336802791104,11365.907285861318,1,100.0,0.0
Rizhao Steel Yingkou Medium Plate Co Ltd,2021,4966.275010902747,0.0,10429.17752289577,0.0,4966.275010902747,10429.17752289577,1,100.0,0.0
Shandong Iron & Steel Group Yongfeng Lingang Corp,2021,4875.979101613607,0.0,10239.556113388575,0.0,4875.979101613607,10239.556113388575,1,100.0,0.0
Zhongxin Iron and Steel Group Co Ltd,2021,4875.979101613607,0.0,10239.556113388575,0.0,4875.979101613607,10239.556113388575,1,100.0,0.0
Laiwu Steel Yinshan Section Co Ltd,2021,4515.698423549935,0.0,9482.966689454865,0.0,4515.698423549935,9482.966689454865,1,100.0,0.0
Shanxi Jinnan Iron and Steel Group Co Ltd,2021,4334.203645878762,0.0,9101.8276563454,0.0,4334.203645878762,9101.8276563454,1,100.0,0.0
Shanxi Jianlong Industrial Co Ltd,2021,4289.055691234191,0.0,9007.0169515918,0.0,4289.055691234191,9007.0169515918,1,100.0,0.0
JiuJiang PXSteel Co Ltd,2021,4243.907736589621,0.0,8912.206246838205,0.0,4243.907736589621,8912.206246838205,1,100.0,0.0
Shiheng SPECIAL Steel Group Co Ltd,2021,4198.75978194505,0.0,8817.395542084605,0.0,4198.75978194505,8817.395542084605,1,100.0,0.0
Jincheng FUSHENG Iron & Steel Co Ltd,2021,4153.6118273004795,0.0,8722.584837331007,0.0,4153.6118273004795,8722.584837331007,1,100.0,0.0
Tonghua Iron & Steel Co Ltd,2021,4144.582236371566,0.0,8703.62269638029,0.0,4144.582236371566,8703.62269638029,1,100.0,0.0
Tianjin Tiangang UNITED SPECIAL Steel Co Ltd,2021,4063.315918011339,0.0,8532.963427823812,0.0,4063.315918011339,8532.963427823812,1,100.0,0.0
Chengyu Vanadium & Titanium Technology Co Ltd,2021,3656.984326210205,0.0,7679.66708504143,0.0,3656.984326210205,7679.66708504143,1,100.0,0.0
Ningbo Iron & Steel Co Ltd,2021,3610.933412472743,0.0,7582.960166192761,0.0,3610.933412472743,7582.960166192761,1,100.0,0.0
Pangang Group Xichang Steel and Vanadium Co Ltd,2021,3521.5404622764936,0.0,7395.234970780637,0.0,3521.5404622764936,7395.234970780637,1,100.0,0.0
Shaanxi LONG MEN IRON&STEEL Co Ltd,2021,3431.244552987353,0.0,7205.6135612734415,0.0,3431.244552987353,7205.6135612734415,1,100.0,0.0
Zenith Steel Group Co Ltd,2021,3340.948643698212,0.0,7015.992151766245,0.0,3340.948643698212,7015.992151766245,1,100.0,0.0
Shanxi Zhongyang Iron & Steel Co Ltd,2021,3250.652734409071,0.0,6826.37074225905,0.0,3250.652734409071,6826.37074225905,1,100.0,0.0
Shougang Changzhi IRON& Steel Co Ltd,2021,3250.652734409071,0.0,6826.37074225905,0.0,3250.652734409071,6826.37074225905,1,100.0,0.0
Xiwang METAL Science Technology Co Ltd,2021,2076.8059136502397,1173.8468207588312,4361.292418665504,1526.0008669864806,3250.652734409071,5887.293285651984,1,63.9,36.1
Ningxia Jianlong Special Steel Co Ltd,2021,3160.3568251199304,0.0,6636.749332751854,0.0,3160.3568251199304,6636.749332751854,1,100.0,0.0
Linyi Iron and Steel Investment Group Co Ltd,2021,2437.9895508068034,632.071365023986,5119.778056694287,821.6927745311818,3070.0609158307893,5941.47083122547,1,79.4,20.6
Yangzhou Hengrun Ocean Heavy Industry Co Ltd,2021,2979.7650065416483,0.0,6257.506513737461,0.0,2979.7650065416483,6257.506513737461,1,100.0,0.0
Rockcheck Steel Group Co Ltd,2021,2934.617051897078,0.0,6162.6958089838645,0.0,2934.617051897078,6162.6958089838645,1,100.0,0.0
Jiangsu Xusteel Group Co Ltd,2021,2754.0252333187964,0.0,5783.452989969473,0.0,2754.0252333187964,5783.452989969473,1,100.0,0.0
Lianyungang Xingxin Iron and Steel Co Ltd,2021,2708.877278674226,0.0,5688.642285215875,0.0,2708.877278674226,5688.642285215875,1,100.0,0.0
Lianyungang Yaxin Iron and Steel Co Ltd,2021,2708.877278674226,0.0,5688.642285215875,0.0,2708.877278674226,5688.642285215875,1,100.0,0.0
Shangang Group Hanzhong Iron & Steel Co Ltd,2021,2708.877278674226,0.0,5688.642285215875,0.0,2708.877278674226,5688.642285215875,1,100.0,0.0
Shanxi Xintai Iron & Steel Co Ltd,2021,2708.877278674226,0.0,5688.642285215875,0.0,2708.877278674226,5688.642285215875,1,100.0,0.0
Tianjin Pipe Corp,2021,0.0,2708.877278674226,0.0,3521.540462276494,2708.877278674226,3521.540462276494,1,0.0,100.0
Weifang SPECIAL Steel Group Co Ltd,2021,2708.877278674226,0.0,5688.642285215875,0.0,2708.877278674226,5688.642285215875,1,100.0,0.0
Yunnan Yuxi Xianfu Iron and Steel (Group) Co Ltd,2021,2347.6936415176624,343.12445529873526,4930.156647187091,446.06179188835586,2690.818096816398,5376.218439075446,1,87.2,12.8
Shandong Shouguang Juneng SPECIAL Steel Co Ltd,2021,2121.9538682948105,451.47954644570433,4456.103123419102,586.9234103794156,2573.4334147405148,5043.026533798518,1,82.5,17.5
Fangda Special Steel Technology Co Ltd,2021,2528.285460095944,0.0,5309.399466201483,0.0,2528.285460095944,5309.399466201483,1,100.0,0.0
Yingkou Iron & Steel Co Ltd,2021,2528.285460095944,0.0,5309.399466201483,0.0,2528.285460095944,5309.399466201483,1,100.0,0.0
Anhui Guihang Special Steel Co Ltd,2021,2437.9895508068034,0.0,5119.778056694287,0.0,2437.9895508068034,5119.778056694287,1,100.0,0.0
Fulun Iron & Steel Co Ltd,2021,2437.9895508068034,0.0,5119.778056694287,0.0,2437.9895508068034,5119.778056694287,1,100.0,0.0
Fushun New Steel Corp Ltd,2021,2437.9895508068034,0.0,5119.778056694287,0.0,2437.9895508068034,5119.778056694287,1,100.0,0.0
Jiangsu Shente Steel Corp,2021,2437.9895508068034,0.0,5119.778056694287,0.0,2437.9895508068034,5119.778056694287,1,100.0,0.0
Jilin Jianlong Steel Co Ltd,2021,2437.9895508068034,0.0,5119.778056694287,0.0,2437.9895508068034,5119.778056694287,1,100.0,0.0
Linyi Jiangxin Steel Co Ltd,2021,2437.9895508068034,0.0,5119.778056694287,0.0,2437.9895508068034,5119.778056694287,1,100.0,0.0
Shandong Chuanyang Group Co Ltd,2021,2437.9895508068034,0.0,5119.778056694287,0.0,2437.9895508068034,5119.778056694287,1,100.0,0.0
Shandong Iron Steel Group Yongfeng Zibo Co Ltd,2021,2437.9895508068034,0.0,5119.778056694287,0.0,2437.9895508068034,5119.778056694287,1,100.0,0.0
Shandong Laigang Yongfeng Steel Corp,2021,2437.9895508068034,0.0,5119.778056694287,0.0,2437.9895508068034,5119.778056694287,1,100.0,0.0
Shandong Xinhua Special Steel Group Co Ltd,2021,2437.9895508068034,0.0,5119.778056694287,0.0,2437.9895508068034,5119.778056694287,1,100.0,0.0
Benxi Beiying Iron & Steel (GROUP) Co Ltd,2021,2347.6936415176624,0.0,4930.156647187091,0.0,2347.6936415176624,4930.156647187091,1,100.0,0.0
Yunnan Qujing Iron and Steel Group Chenggang Iron and Steel Co Ltd,2021,2347.6936415176624,0.0,4930.156647187091,0.0,2347.6936415176624,4930.156647187091,1,100.0,0.0
WISCO Group Kunming Steel Co Ltd,2021,2302.545686873092,0.0,4835.345942433493,0.0,2302.545686873092,4835.345942433493,1,100.0,0.0
Shanxi Tongde Xinghua Special Steel Co Ltd,2021,2257.3977322285214,0.0,4740.535237679895,0.0,2257.3977322285214,4740.535237679895,1,100.0,0.0
Chifeng Yuanlian Steel Co Ltd,2021,2212.249777583951,0.0,4645.724532926298,0.0,2212.249777583951,4645.724532926298,1,100.0,0.0
Yangzhou Qinyou Special Metal Materials Co Ltd,2021,2167.101822939381,0.0,4550.9138281727,0.0,2167.101822939381,4550.9138281727,1,100.0,0.0
Liaoyang United Steel Co Ltd,2021,2076.8059136502397,0.0,4361.292418665504,0.0,2076.8059136502397,4361.292418665504,1,100.0,0.0
Shanxi HONGDA Iron and Steel Group Co Ltd,2021,2076.8059136502397,0.0,4361.292418665504,0.0,2076.8059136502397,4361.292418665504,1,100.0,0.0
Sichuan Dazhou Iron & Steel Group Co Ltd,2021,2076.8059136502397,0.0,4361.292418665504,0.0,2076.8059136502397,4361.292418665504,1,100.0,0.0
Jiangsu Province Binxin Steel Group Co Ltd,2021,2031.6579590056695,0.0,4266.481713911906,0.0,2031.6579590056695,4266.481713911906,1,100.0,0.0
Changshu Longteng Special Steel Co Ltd,2021,1218.9947754034017,779.2536971652856,2559.8890283471437,1013.0298063148714,1998.2484725686872,3572.918834662015,1,61.0,39.0
Xiangfen County XinJinShan Special Steel Co Ltd,2021,1986.510004361099,0.0,4171.671009158308,0.0,1986.510004361099,4171.671009158308,1,100.0,0.0
BERIS Jiangsu Heavy Industry Co Ltd,2021,0.0,1805.9181857828173,0.0,2347.6936415176624,1805.9181857828173,2347.6936415176624,1,0.0,100.0
Houying Group Haicheng Iron and Steel Co Ltd,2021,1805.9181857828173,0.0,3792.4281901439167,0.0,1805.9181857828173,3792.4281901439167,1,100.0,0.0
Inner Mongolia Yaxinlongshun Special Steel Co Ltd,2021,1805.9181857828173,0.0,3792.4281901439167,0.0,1805.9181857828173,3792.4281901439167,1,100.0,0.0
Jiangsu Changqiang Iron & Steel Co Ltd,2021,1805.9181857828173,0.0,3792.4281901439167,0.0,1805.9181857828173,3792.4281901439167,1,100.0,0.0
Luzhou Xinyang Vanadium Titanium Steel Co Ltd,2021,0.0,1805.9181857828173,0.0,2347.6936415176624,1805.9181857828173,2347.6936415176624,1,0.0,100.0
Shandong Longsheng Iron and Steel Co Ltd,2021,1805.9181857828173,0.0,3792.4281901439167,0.0,1805.9181857828173,3792.4281901439167,1,100.0,0.0
Tangshan Wenfeng Special Steel Co Ltd,2021,1218.9947754034017,586.9234103794156,2559.8890283471437,763.0004334932403,1805.9181857828173,3322.889461840384,1,67.5,32.5
Xiangfen County Xingyuan Steel Group Co Ltd,2021,1805.9181857828173,0.0,3792.4281901439167,0.0,1805.9181857828173,3792.4281901439167,1,100.0,0.0
Xinxing Ductile Iron Pipes Xinjiang Co Ltd,2021,1805.9181857828173,0.0,3792.4281901439167,0.0,1805.9181857828173,3792.4281901439167,1,100.0,0.0
Lucheng Xingbao Iron & Steel Co Ltd,2021,1715.6222764936765,0.0,3602.8067806367208,0.0,1715.6222764936765,3602.8067806367208,1,100.0,0.0
Shandong Minyuan Steel & Iron Co Ltd,2021,1715.6222764936765,0.0,3602.8067806367208,0.0,1715.6222764936765,3602.8067806367208,1,100.0,0.0
Yunnan Yuxi Iron and Steel Group Yukun Iron and Steel Co Ltd,2021,1709.3015628434366,0.0,3589.533281971217,0.0,1709.3015628434366,3589.533281971217,1,100.0,0.0
Anshan Baode Iron & Steel Co Ltd,2021,1625.3263672045355,0.0,3413.185371129525,0.0,1625.3263672045355,3413.185371129525,1,100.0,0.0
Yunnan Desheng Steel Co Ltd,2021,0.0,1598.2375944177934,0.0,2077.7088727431315,1598.2375944177934,2077.7088727431315,1,0.0,100.0
Licheng Taihang Iron & Steel Co Ltd,2021,1535.0304579153947,0.0,3223.563961622329,0.0,1535.0304579153947,3223.563961622329,1,100.0,0.0
Shanxi Meijin Iron and Steel Co Ltd,2021,1535.0304579153947,0.0,3223.563961622329,0.0,1535.0304579153947,3223.563961622329,1,100.0,0.0
Xuzhou Baofeng Special Steel Co Ltd,2021,1535.0304579153947,0.0,3223.563961622329,0.0,1535.0304579153947,3223.563961622329,1,100.0,0.0
Yunnan Jingye Steel Co,2021,1535.0304579153947,0.0,3223.563961622329,0.0,1535.0304579153947,3223.563961622329,1,100.0,0.0
Jiangsu HONGTAI Metals Ware Co Ltd,2021,0.0,1423.06353039686,0.0,1849.982589515918,1423.06353039686,1849.982589515918,1,0.0,100.0
Danyang Longjiang Steel Co Ltd,2021,1354.438639337113,0.0,2844.3211426079374,0.0,1354.438639337113,2844.3211426079374,1,100.0,0.0
Jiangyin Huaxi Steel Co Ltd,2021,1354.438639337113,0.0,2844.3211426079374,0.0,1354.438639337113,2844.3211426079374,1,100.0,0.0
Longnan Fuxin Steel Co Ltd,2021,0.0,1354.438639337113,0.0,1760.770231138247,1354.438639337113,1760.770231138247,1,0.0,100.0
Sichuan Shengquan Iron and Steel Group Co Ltd,2021,0.0,1354.438639337113,0.0,1760.770231138247,1354.438639337113,1760.770231138247,1,0.0,100.0
Jishan Mingfu Steel Products Co Ltd,2021,1293.9403801133885,0.0,2717.274798238116,0.0,1293.9403801133885,2717.274798238116,1,100.0,0.0
Yantai Walsin Stainless Steel Co Ltd,2021,0.0,1264.142730047972,0.0,1643.3855490623637,1264.142730047972,1643.3855490623637,1,0.0,100.0
Yunnan Qujing Iron and Steel Group Co Ltd,2021,0.0,1264.142730047972,0.0,1643.3855490623637,1264.142730047972,1643.3855490623637,1,0.0,100.0
Yunnan Qujing Iron and Steel Group Yanggang Iron and Steel Co Ltd,2021,1264.142730047972,0.0,2654.6997331007415,0.0,1264.142730047972,2654.6997331007415,1,100.0,0.0
Inner Mongolia Desheng Metal Products Co Ltd,2021,1218.9947754034017,0.0,2559.8890283471437,0.0,1218.9947754034017,2559.8890283471437,1,100.0,0.0
Jiangsu Delong Nickel Industry Co Ltd,2021,0.0,1218.9947754034017,0.0,1584.6932080244223,1218.9947754034017,1584.6932080244223,1,0.0,100.0
Wulanhot Iron & Steel Co Ltd,2021,1218.9947754034017,0.0,2559.8890283471437,0.0,1218.9947754034017,2559.8890283471437,1,100.0,0.0
Xinjiang KingTec Steel Co Ltd,2021,1204.5474299171392,0.0,2529.549602825992,0.0,1204.5474299171392,2529.549602825992,1,100.0,0.0
Baotou Deshun Spec. Steel Co Ltd,2021,1128.6988661142607,0.0,2370.2676188399473,0.0,1128.6988661142607,2370.2676188399473,1,100.0,0.0
Huahong Iron and Steel Products Co Ltd,2021,0.0,1083.5509114696904,0.0,1408.6161849105977,1083.5509114696904,1408.6161849105977,1,0.0,100.0
Shanxi Dongfang Hengliu Precision Casting Co,2021,1083.5509114696904,0.0,2275.45691408635,0.0,1083.5509114696904,2275.45691408635,1,100.0,0.0
Zhejiang Wantai Special Steel Co Ltd,2021,0.0,1083.5509114696904,0.0,1408.6161849105977,1083.5509114696904,1408.6161849105977,1,0.0,100.0
Hejin Huaxinyuan Steel & Iron Co Ltd,2021,1038.4029568251199,0.0,2180.646209332752,0.0,1038.4029568251199,2180.646209332752,1,100.0,0.0
Xinjiang Minxin Iron and Steel (Group) Minhang Special Steel Co Ltd,2021,0.0,1002.2845931094636,0.0,1302.9699710423026,1002.2845931094636,1302.9699710423026,1,0.0,100.0
Jilinheng Precision Casting Technology Co Ltd,2021,993.2550021805495,0.0,2085.835504579154,0.0,993.2550021805495,2085.835504579154,1,100.0,0.0
Posco (Zhangjiagang) Stainless Steel Co Ltd,2021,0.0,993.2550021805495,0.0,1291.2315028347143,993.2550021805495,1291.2315028347143,1,0.0,100.0
Zhejiang Yuxin Industrial Co Ltd,2021,0.0,993.2550021805495,0.0,1291.2315028347143,993.2550021805495,1291.2315028347143,1,0.0,100.0
Dazhou Hangda Steel Co Ltd,2021,0.0,902.9590928914087,0.0,1173.8468207588312,902.9590928914087,1173.8468207588312,1,0.0,100.0
Jiangxi Taixin Iron & Steel Co Ltd,2021,0.0,902.9590928914087,0.0,1173.8468207588312,902.9590928914087,1173.8468207588312,1,0.0,100.0
Xinjiang Da'an Special Steel Co Ltd,2021,902.9590928914087,0.0,1896.2140950719584,0.0,902.9590928914087,1896.2140950719584,1,100.0,0.0
Xinjiang Ka Steel Group Co,2021,902.9590928914087,0.0,1896.2140950719584,0.0,902.9590928914087,1896.2140950719584,1,100.0,0.0
Xuzhou Jinhong Iron and Steel Group Co Ltd,2021,0.0,902.9590928914087,0.0,1173.8468207588312,902.9590928914087,1173.8468207588312,1,0.0,100.0
Jinye Steel Group Co Ltd,2021,857.8111382468383,0.0,1801.4033903183604,0.0,857.8111382468383,1801.4033903183604,1,100.0,0.0
Yuxi Xinxing Iron & Steel Co Ltd,2021,856.0052200610554,0.0,1797.6109621282164,0.0,856.0052200610554,1797.6109621282164,1,100.0,0.0
Baotou Jiyu Steel Co Ltd,2021,812.6631836022677,0.0,1706.5926855647624,0.0,812.6631836022677,1706.5926855647624,1,100.0,0.0
Xining Special Steel Co Ltd,2021,812.6631836022677,0.0,1706.5926855647624,0.0,812.6631836022677,1706.5926855647624,1,100.0,0.0
Sichuan Ya'an Anshan Iron and Steel Co Ltd,2021,0.0,749.4560470998691,0.0,974.2928612298299,749.4560470998691,974.2928612298299,1,0.0,100.0
Baicheng Fuda Bar Rolling Co Ltd,2021,0.0,711.53176519843,0.0,924.991294757959,711.53176519843,924.991294757959,1,0.0,100.0
Jiangyin Xicheng Steel Co Ltd,2021,0.0,650.1305468818142,0.0,845.1697109463585,650.1305468818142,845.1697109463585,1,0.0,100.0
Shaanxi Hanzhong Iron & Steel Group Co,2021,0.0,632.071365023986,0.0,821.6927745311818,632.071365023986,821.6927745311818,1,0.0,100.0
Zibo Qilin Fushan Steel Co Ltd,2021,632.071365023986,0.0,1327.3498665503707,0.0,632.071365023986,1327.3498665503707,1,100.0,0.0
Pan Gang Group Sichuan Changcheng Special Steel Co Ltd,2021,0.0,604.0796331443523,0.0,785.303523087658,604.0796331443523,785.303523087658,1,0.0,100.0
Lianyungang Huale Alloy Group Co Ltd,2021,560.7375966855648,0.0,1177.548953039686,0.0,560.7375966855648,1177.548953039686,1,100.0,0.0
Baotou Baoxin Special Steel Co Ltd,2021,541.7754557348452,0.0,1137.728457043175,0.0,541.7754557348452,1137.728457043175,1,100.0,0.0
Shaanxi Huaxin Special Steel Group Co Ltd,2021,0.0,541.7754557348452,0.0,704.3080924552988,541.7754557348452,704.3080924552988,1,0.0,100.0
Sichuan Gangchen Stainless Steel Co Ltd,2021,0.0,541.7754557348452,0.0,704.3080924552988,541.7754557348452,704.3080924552988,1,0.0,100.0
Sichuan Shehong Chuanzhong Construction Materials Co Ltd,2021,0.0,496.62750109027473,0.0,645.6157514173572,496.62750109027473,645.6157514173572,1,0.0,100.0
"Guangde Xinyuanda Metal Products Co., Ltd. Co Ltd",2021,0.0,451.47954644570433,0.0,586.9234103794156,451.47954644570433,586.9234103794156,1,0.0,100.0
Jiangxi Yuanxing Iron and Steel Co Ltd,2021,0.0,451.47954644570433,0.0,586.9234103794156,451.47954644570433,586.9234103794156,1,0.0,100.0
Jilin Steel Group Taihua Metal Equipment Manufacture Co Ltd,2021,0.0,451.47954644570433,0.0,586.9234103794156,451.47954644570433,586.9234103794156,1,0.0,100.0
Liaoyang Xinyi Special Steel Co Ltd,2021,0.0,451.47954644570433,0.0,586.9234103794156,451.47954644570433,586.9234103794156,1,0.0,100.0
Ningbo Haoyang New MATERIALS Techonology Co Ltd,2021,0.0,451.47954644570433,0.0,586.9234103794156,451.47954644570433,586.9234103794156,1,0.0,100.0
YunNan Province Tiangao Nickel Alloy Co Ltd,2021,0.0,451.47954644570433,0.0,586.9234103794156,451.47954644570433,586.9234103794156,1,0.0,100.0
Zhejiang TSINGSHAN IRON&STEEL Co Ltd,2021,0.0,451.47954644570433,0.0,586.9234103794156,451.47954644570433,586.9234103794156,1,0.0,100.0
Xinjiang Xin'an Special Steel Co Ltd,2021,0.0,361.18363715656346,0.0,469.53872830353254,361.18363715656346,469.53872830353254,1,0.0,100.0
Changzhou Dongfang Special Steel Co Ltd,2021,0.0,325.0652734409071,0.0,422.58485547317923,325.0652734409071,422.58485547317923,1,0.0,100.0
"Fugang METAL Manufacturing Co.ltd.,jilinjigang Steel Group",2021,0.0,325.0652734409071,0.0,422.58485547317923,325.0652734409071,422.58485547317923,1,0.0,100.0
Jinzhou Jinxing Special Steel Co Ltd,2021,0.0,325.0652734409071,0.0,422.58485547317923,325.0652734409071,422.58485547317923,1,0.0,100.0
Angang Steel Co Ltd,2022,20139.635837898946,0.0,42293.23525958779,0.0,20139.635837898946,42293.23525958779,2,100.0,0.0
Zhangjiagang Hongchang Steel Co Ltd,2022,12280.308938168537,2722.170558309418,25788.64877015393,3538.8217258022437,15002.479496477954,29327.470495956175,1,81.9,18.1
Wuhan Iron and Steel Co Ltd,2022,14081.810429602574,0.0,29571.801902165407,0.0,14081.810429602574,29571.801902165407,1,100.0,0.0
Inner Mongolia BaoTou Steel Union Co Ltd,2022,13818.8885903122,0.0,29019.66603965562,0.0,13818.8885903122,29019.66603965562,1,100.0,0.0
Shanxi Taigang Stainless Steel Co Ltd,2022,7790.276719714758,3240.0469084268198,16359.581111400992,4212.060980954866,11030.323628141578,20571.642092355858,1,70.6,29.4
Bengang Steel Plates Co Ltd,2022,10977.208105052612,0.0,23052.137020610488,0.0,10977.208105052612,23052.137020610488,1,100.0,0.0
Rizhao Steel Holding Group Co Ltd,2022,10003.423515088269,0.0,21007.189381685366,0.0,10003.423515088269,21007.189381685366,1,100.0,0.0
Zhangjiagang Rongsheng Steel-Making Co Ltd,2022,9358.069909557353,0.0,19651.94681007044,0.0,9358.069909557353,19651.94681007044,1,100.0,0.0
Shandong IRON&STEEL Group Rizhao Co Ltd,2022,7524.6991042699365,0.0,15801.868118966868,0.0,7524.6991042699365,15801.868118966868,1,100.0,0.0
Baosteel Group Xinjiang Bayi Iron & Steel Co Ltd,2022,6064.022219323419,398.3664231672319,12734.446660579182,517.8763501174016,6462.388642490651,13252.323010696584,1,93.8,6.2
Shanxi Liheng Iron and Steel Co Ltd,2022,6196.81102704583,0.0,13013.303156796244,0.0,6196.81102704583,13013.303156796244,1,100.0,0.0
Lianfeng Steel (Zhangjiagang) Co Ltd,2022,5063.679867814592,885.2587181494042,10633.727722410644,1150.8363335942256,5948.938585963997,11784.564056004869,1,85.1,14.9
Lingyuan Iron & Steel Co Ltd,2022,5306.240756587529,0.0,11143.105588833812,0.0,5306.240756587529,11143.105588833812,1,100.0,0.0
Rizhao Steel Yingkou Medium Plate Co Ltd,2022,4868.922949821724,0.0,10224.738194625621,0.0,4868.922949821724,10224.738194625621,1,100.0,0.0
Shandong Iron & Steel Group Yongfeng Lingang Corp,2022,4780.397078006783,0.0,10038.833863814245,0.0,4780.397078006783,10038.833863814245,1,100.0,0.0
Zhongxin Iron and Steel Group Co Ltd,2022,4780.397078006783,0.0,10038.833863814245,0.0,4780.397078006783,10038.833863814245,1,100.0,0.0
Laiwu Steel Yinshan Section Co Ltd,2022,4427.178849465171,0.0,9297.07558387686,0.0,4427.178849465171,9297.07558387686,1,100.0,0.0
Shanxi Jinnan Iron and Steel Group Co Ltd,2022,4249.24184711714,0.0,8923.407878945995,0.0,4249.24184711714,8923.407878945995,1,100.0,0.0
Shanxi Jianlong Industrial Co Ltd,2022,4204.9789112096705,0.0,8830.455713540308,0.0,4204.9789112096705,8830.455713540308,1,100.0,0.0
JiuJiang PXSteel Co Ltd,2022,4160.7159753022,0.0,8737.50354813462,0.0,4160.7159753022,8737.50354813462,1,100.0,0.0
Shiheng SPECIAL Steel Group Co Ltd,2022,4116.45303939473,0.0,8644.551382728932,0.0,4116.45303939473,8644.551382728932,1,100.0,0.0
Jincheng FUSHENG Iron & Steel Co Ltd,2022,4072.1901034872594,0.0,8551.599217323244,0.0,4072.1901034872594,8551.599217323244,1,100.0,0.0
Tonghua Iron & Steel Co Ltd,2022,4063.337516305766,0.0,8533.008784242109,0.0,4063.337516305766,8533.008784242109,1,100.0,0.0
Tianjin Tiangang UNITED SPECIAL Steel Co Ltd,2022,3983.664231672319,0.0,8365.69488651187,0.0,3983.664231672319,8365.69488651187,1,100.0,0.0
Chengyu Vanadium & Titanium Technology Co Ltd,2022,3585.2978085050872,0.0,7529.125397860684,0.0,3585.2978085050872,7529.125397860684,1,100.0,0.0
Ningbo Iron & Steel Co Ltd,2022,3540.149613879468,0.0,7434.314189146882,0.0,3540.149613879468,7434.314189146882,1,100.0,0.0
Pangang Group Xichang Steel and Vanadium Co Ltd,2022,3452.5090007826766,0.0,7250.268901643622,0.0,3452.5090007826766,7250.268901643622,1,100.0,0.0
Shaanxi LONG MEN IRON&STEEL Co Ltd,2022,3363.9831289677363,0.0,7064.3645708322465,0.0,3363.9831289677363,7064.3645708322465,1,100.0,0.0
Zenith Steel Group Co Ltd,2022,3275.4572571527956,0.0,6878.460240020871,0.0,3275.4572571527956,6878.460240020871,1,100.0,0.0
Shanxi Zhongyang Iron & Steel Co Ltd,2022,3186.9313853378553,0.0,6692.555909209496,0.0,3186.9313853378553,6692.555909209496,1,100.0,0.0
Shougang Changzhi IRON& Steel Co Ltd,2022,3186.9313853378553,0.0,6692.555909209496,0.0,3186.9313853378553,6692.555909209496,1,100.0,0.0
Xiwang METAL Science Technology Co Ltd,2022,2036.0950517436297,1150.8363335942256,4275.799608661622,1496.0872336724933,3186.9313853378553,5771.8868423341155,1,63.9,36.1
Ningxia Jianlong Special Steel Co Ltd,2022,3098.405513522915,0.0,6506.651578398122,0.0,3098.405513522915,6506.651578398122,1,100.0,0.0
Linyi Iron and Steel Investment Group Co Ltd,2022,2390.1985390033915,619.6811027045829,5019.4169319071225,805.5854335159579,3009.8796417079743,5825.002365423081,1,79.4,20.6
Yangzhou Hengrun Ocean Heavy Industry Co Ltd,2022,2921.353769893034,0.0,6134.842916775372,0.0,2921.353769893034,6134.842916775372,1,100.0,0.0
Rockcheck Steel Group Co Ltd,2022,2877.0908339855637,0.0,6041.890751369684,0.0,2877.0908339855637,6041.890751369684,1,100.0,0.0
Jiangsu Xusteel Group Co Ltd,2022,2700.039090355683,0.0,5670.082089746935,0.0,2700.039090355683,5670.082089746935,1,100.0,0.0
Lianyungang Xingxin Iron and Steel Co Ltd,2022,2655.7761544482128,0.0,5577.129924341247,0.0,2655.7761544482128,5577.129924341247,1,100.0,0.0
Lianyungang Yaxin Iron and Steel Co Ltd,2022,2655.7761544482128,0.0,5577.129924341247,0.0,2655.7761544482128,5577.129924341247,1,100.0,0.0
Shangang Group Hanzhong Iron & Steel Co Ltd,2022,2655.7761544482128,0.0,5577.129924341247,0.0,2655.7761544482128,5577.129924341247,1,100.0,0.0
Shanxi Xintai Iron & Steel Co Ltd,2022,2655.7761544482128,0.0,5577.129924341247,0.0,2655.7761544482128,5577.129924341247,1,100.0,0.0
Tianjin Pipe Corp,2022,0.0,2655.7761544482128,0.0,3452.5090007826766,2655.7761544482128,3452.5090007826766,1,0.0,100.0
Weifang SPECIAL Steel Group Co Ltd,2022,2655.7761544482128,0.0,5577.129924341247,0.0,2655.7761544482128,5577.129924341247,1,100.0,0.0
Yunnan Yuxi Xianfu Iron and Steel (Group) Co Ltd,2022,2301.672667188451,336.39831289677363,4833.512601095747,437.31780676580576,2638.0709800852246,5270.830407861553,1,87.2,12.8
Shandong Shouguang Juneng SPECIAL Steel Co Ltd,2022,2080.3579876511,442.6293590747021,4368.75177406731,575.4181667971128,2522.987346725802,4944.169940864423,1,82.5,17.5
Fangda Special Steel Technology Co Ltd,2022,2478.7244108183318,0.0,5205.321262718497,0.0,2478.7244108183318,5205.321262718497,1,100.0,0.0
Yingkou Iron & Steel Co Ltd,2022,2478.7244108183318,0.0,5205.321262718497,0.0,2478.7244108183318,5205.321262718497,1,100.0,0.0
Anhui Guihang Special Steel Co Ltd,2022,2390.1985390033915,0.0,5019.4169319071225,0.0,2390.1985390033915,5019.4169319071225,1,100.0,0.0
Fulun Iron & Steel Co Ltd,2022,2390.1985390033915,0.0,5019.4169319071225,0.0,2390.1985390033915,5019.4169319071225,1,100.0,0.0
Fushun New Steel Corp Ltd,2022,2390.1985390033915,0.0,5019.4169319071225,0.0,2390.1985390033915,5019.4169319071225,1,100.0,0.0
Jiangsu Shente Steel Corp,2022,2390.1985390033915,0.0,5019.4169319071225,0.0,2390.1985390033915,5019.4169319071225,1,100.0,0.0
Jilin Jianlong Steel Co Ltd,2022,2390.1985390033915,0.0,5019.4169319071225,0.0,2390.1985390033915,5019.4169319071225,1,100.0,0.0
Linyi Jiangxin Steel Co Ltd,2022,2390.1985390033915,0.0,5019.4169319071225,0.0,2390.1985390033915,5019.4169319071225,1,100.0,0.0
Shandong Chuanyang Group Co Ltd,2022,2390.1985390033915,0.0,5019.4169319071225,0.0,2390.1985390033915,5019.4169319071225,1,100.0,0.0
Shandong Laigang Yongfeng Steel Corp,2022,2390.1985390033915,0.0,5019.4169319071225,0.0,2390.1985390033915,5019.4169319071225,1,100.0,0.0
Benxi Beiying Iron & Steel (GROUP) Co Ltd,2022,2301.672667188451,0.0,4833.512601095747,0.0,2301.672667188451,4833.512601095747,1,100.0,0.0
Yunnan Qujing Iron and Steel Group Chenggang Iron and Steel Co Ltd,2022,2301.672667188451,0.0,4833.512601095747,0.0,2301.672667188451,4833.512601095747,1,100.0,0.0
WISCO Group Kunming Steel Co Ltd,2022,2257.409731280981,0.0,4740.56043569006,0.0,2257.409731280981,4740.56043569006,1,100.0,0.0
Shanxi Tongde Xinghua Special Steel Co Ltd,2022,2213.1467953735105,0.0,4647.608270284372,0.0,2213.1467953735105,4647.608270284372,1,100.0,0.0
Chifeng Yuanlian Steel Co Ltd,2022,2168.8838594660406,0.0,4554.656104878685,0.0,2168.8838594660406,4554.656104878685,1,100.0,0.0
Yangzhou Qinyou Special Metal Materials Co Ltd,2022,2124.62092355857,0.0,4461.703939472997,0.0,2124.62092355857,4461.703939472997,1,100.0,0.0
Liaoyang United Steel Co Ltd,2022,2036.0950517436297,0.0,4275.799608661622,0.0,2036.0950517436297,4275.799608661622,1,100.0,0.0
Shanxi HONGDA Iron and Steel Group Co Ltd,2022,2036.0950517436297,0.0,4275.799608661622,0.0,2036.0950517436297,4275.799608661622,1,100.0,0.0
Sichuan Dazhou Iron & Steel Group Co Ltd,2022,2036.0950517436297,0.0,4275.799608661622,0.0,2036.0950517436297,4275.799608661622,1,100.0,0.0
Jiangsu Province Binxin Steel Group Co Ltd,2022,1991.8321158361596,0.0,4182.847443255935,0.0,1991.8321158361596,4182.847443255935,1,100.0,0.0
Changshu Longteng Special Steel Co Ltd,2022,1195.0992695016957,763.9782737629358,2509.7084659535612,993.1717558918166,1959.0775432646315,3502.880221845378,1,61.0,39.0
Xiangfen County XinJinShan Special Steel Co Ltd,2022,1947.5691799286894,0.0,4089.895277850248,0.0,1947.5691799286894,4089.895277850248,1,100.0,0.0
Tangshan Wenfeng Special Steel Co Ltd,2022,1195.0992695016957,575.4181667971128,2509.7084659535612,748.0436168362467,1770.5174362988087,3257.752082789808,1,67.5,32.5
BERIS Jiangsu Heavy Industry Co Ltd,2022,0.0,1770.5174362988084,0.0,2301.672667188451,1770.5174362988084,2301.672667188451,1,0.0,100.0
Houying Group Haicheng Iron and Steel Co Ltd,2022,1770.5174362988084,0.0,3718.086616227498,0.0,1770.5174362988084,3718.086616227498,1,100.0,0.0
Inner Mongolia Yaxinlongshun Special Steel Co Ltd,2022,1770.5174362988084,0.0,3718.086616227498,0.0,1770.5174362988084,3718.086616227498,1,100.0,0.0
Jiangsu Changqiang Iron & Steel Co Ltd,2022,1770.5174362988084,0.0,3718.086616227498,0.0,1770.5174362988084,3718.086616227498,1,100.0,0.0
Luzhou Xinyang Vanadium Titanium Steel Co Ltd,2022,0.0,1770.5174362988084,0.0,2301.672667188451,1770.5174362988084,2301.672667188451,1,0.0,100.0
Xiangfen County Xingyuan Steel Group Co Ltd,2022,1770.5174362988084,0.0,3718.086616227498,0.0,1770.5174362988084,3718.086616227498,1,100.0,0.0
Xinxing Ductile Iron Pipes Xinjiang Co Ltd,2022,1770.5174362988084,0.0,3718.086616227498,0.0,1770.5174362988084,3718.086616227498,1,100.0,0.0
Lucheng Xingbao Iron & Steel Co Ltd,2022,1681.9915644838682,0.0,3532.1822854161232,0.0,1681.9915644838682,3532.1822854161232,1,100.0,0.0
Shandong Minyuan Steel & Iron Co Ltd,2022,1681.9915644838682,0.0,3532.1822854161232,0.0,1681.9915644838682,3532.1822854161232,1,100.0,0.0
Yunnan Yuxi Iron and Steel Group Yukun Iron and Steel Co Ltd,2022,1675.7947534568223,0.0,3519.168982259327,0.0,1675.7947534568223,3519.168982259327,1,100.0,0.0
Anshan Baode Iron & Steel Co Ltd,2022,1593.4656926689277,0.0,3346.277954604748,0.0,1593.4656926689277,3346.277954604748,1,100.0,0.0
Yunnan Desheng Steel Co Ltd,2022,0.0,1566.9079311244454,0.0,2036.9803104617793,1566.9079311244454,2036.9803104617793,1,0.0,100.0
Licheng Taihang Iron & Steel Co Ltd,2022,1504.9398208539872,0.0,3160.373623793373,0.0,1504.9398208539872,3160.373623793373,1,100.0,0.0
Shanxi Meijin Iron and Steel Co Ltd,2022,1504.9398208539872,0.0,3160.373623793373,0.0,1504.9398208539872,3160.373623793373,1,100.0,0.0
Xuzhou Baofeng Special Steel Co Ltd,2022,1504.9398208539872,0.0,3160.373623793373,0.0,1504.9398208539872,3160.373623793373,1,100.0,0.0
Yunnan Jingye Steel Co,2022,1504.9398208539872,0.0,3160.373623793373,0.0,1504.9398208539872,3160.373623793373,1,100.0,0.0
Jiangsu HONGTAI Metals Ware Co Ltd,2022,0.0,1395.167739803461,0.0,1813.7180617444994,1395.167739803461,1813.7180617444994,1,0.0,100.0
Danyang Longjiang Steel Co Ltd,2022,1327.8880772241064,0.0,2788.5649621706234,0.0,1327.8880772241064,2788.5649621706234,1,100.0,0.0
Jiangyin Huaxi Steel Co Ltd,2022,1327.8880772241064,0.0,2788.5649621706234,0.0,1327.8880772241064,2788.5649621706234,1,100.0,0.0
Longnan Fuxin Steel Co Ltd,2022,0.0,1327.8880772241064,0.0,1726.2545003913383,1327.8880772241064,1726.2545003913383,1,0.0,100.0
Sichuan Shengquan Iron and Steel Group Co Ltd,2022,0.0,1327.8880772241064,0.0,1726.2545003913383,1327.8880772241064,1726.2545003913383,1,0.0,100.0
Jishan Mingfu Steel Products Co Ltd,2022,1268.5757431080963,0.0,2664.0090605270025,0.0,1268.5757431080963,2664.0090605270025,1,100.0,0.0
Yantai Walsin Stainless Steel Co Ltd,2022,0.0,1239.3622054091659,0.0,1611.1708670319158,1239.3622054091659,1611.1708670319158,1,0.0,100.0
Yunnan Qujing Iron and Steel Group Co Ltd,2022,0.0,1239.3622054091659,0.0,1611.1708670319158,1239.3622054091659,1611.1708670319158,1,0.0,100.0
Yunnan Qujing Iron and Steel Group Yanggang Iron and Steel Co Ltd,2022,1239.3622054091659,0.0,2602.6606313592483,0.0,1239.3622054091659,2602.6606313592483,1,100.0,0.0
Inner Mongolia Desheng Metal Products Co Ltd,2022,1195.0992695016957,0.0,2509.7084659535612,0.0,1195.0992695016957,2509.7084659535612,1,100.0,0.0
Jiangsu Delong Nickel Industry Co Ltd,2022,0.0,1195.0992695016957,0.0,1553.6290503522046,1195.0992695016957,1553.6290503522046,1,0.0,100.0
Wulanhot Iron & Steel Co Ltd,2022,1195.0992695016957,0.0,2509.7084659535612,0.0,1195.0992695016957,2509.7084659535612,1,100.0,0.0
Xinjiang KingTec Steel Co Ltd,2022,1180.9351300113053,0.0,2479.9637730237414,0.0,1180.9351300113053,2479.9637730237414,1,100.0,0.0
Baotou Deshun Spec. Steel Co Ltd,2022,1106.5733976867552,0.0,2323.804135142186,0.0,1106.5733976867552,2323.804135142186,1,100.0,0.0
Huahong Iron and Steel Products Co Ltd,2022,0.0,1062.310461779285,0.0,1381.0036003130706,1062.310461779285,1381.0036003130706,1,0.0,100.0
Shanxi Dongfang Hengliu Precision Casting Co,2022,1062.310461779285,0.0,2230.8519697364986,0.0,1062.310461779285,2230.8519697364986,1,100.0,0.0
Zhejiang Wantai Special Steel Co Ltd,2022,0.0,1062.310461779285,0.0,1381.0036003130706,1062.310461779285,1381.0036003130706,1,0.0,100.0
Hejin Huaxinyuan Steel & Iron Co Ltd,2022,1018.0475258718149,0.0,2137.899804330811,0.0,1018.0475258718149,2137.899804330811,1,100.0,0.0
Xinjiang Minxin Iron and Steel (Group) Minhang Special Steel Co Ltd,2022,0.0,982.6371771458388,0.0,1277.4283302895906,982.6371771458388,1277.4283302895906,1,0.0,100.0
Jilinheng Precision Casting Technology Co Ltd,2022,973.7845899643447,0.0,2044.947638925124,0.0,973.7845899643447,2044.947638925124,1,100.0,0.0
Posco (Zhangjiagang) Stainless Steel Co Ltd,2022,0.0,973.7845899643447,0.0,1265.919966953648,973.7845899643447,1265.919966953648,1,0.0,100.0
Zhejiang Yuxin Industrial Co Ltd,2022,0.0,973.7845899643447,0.0,1265.919966953648,973.7845899643447,1265.919966953648,1,0.0,100.0
Dazhou Hangda Steel Co Ltd,2022,0.0,885.2587181494042,0.0,1150.8363335942256,885.2587181494042,1150.8363335942256,1,0.0,100.0
Jiangxi Taixin Iron & Steel Co Ltd,2022,0.0,885.2587181494042,0.0,1150.8363335942256,885.2587181494042,1150.8363335942256,1,0.0,100.0
Xinjiang Da'an Special Steel Co Ltd,2022,885.2587181494042,0.0,1859.043308113749,0.0,885.2587181494042,1859.043308113749,1,100.0,0.0
Xinjiang Ka Steel Group Co,2022,885.2587181494042,0.0,1859.043308113749,0.0,885.2587181494042,1859.043308113749,1,100.0,0.0
Xuzhou Jinhong Iron and Steel Group Co Ltd,2022,0.0,885.2587181494042,0.0,1150.8363335942256,885.2587181494042,1150.8363335942256,1,0.0,100.0
Jinye Steel Group Co Ltd,2022,840.9957822419341,0.0,1766.0911427080616,0.0,840.9957822419341,1766.0911427080616,1,100.0,0.0
Yuxi Xinxing Iron & Steel Co Ltd,2022,839.2252648056352,0.0,1762.373056091834,0.0,839.2252648056352,1762.373056091834,1,100.0,0.0
Baotou Jiyu Steel Co Ltd,2022,796.7328463344638,0.0,1673.138977302374,0.0,796.7328463344638,1673.138977302374,1,100.0,0.0
Xining Special Steel Co Ltd,2022,796.7328463344638,0.0,1673.138977302374,0.0,796.7328463344638,1673.138977302374,1,100.0,0.0
Sichuan Ya'an Anshan Iron and Steel Co Ltd,2022,0.0,734.7647360640055,0.0,955.1941568832073,734.7647360640055,955.1941568832073,1,0.0,100.0
Baicheng Fuda Bar Rolling Co Ltd,2022,0.0,697.5838699017305,0.0,906.8590308722497,697.5838699017305,906.8590308722497,1,0.0,100.0
Jiangyin Xicheng Steel Co Ltd,2022,0.0,637.3862770675711,0.0,828.6021601878424,637.3862770675711,828.6021601878424,1,0.0,100.0
Shaanxi Hanzhong Iron & Steel Group Co,2022,0.0,619.6811027045829,0.0,805.5854335159579,619.6811027045829,805.5854335159579,1,0.0,100.0
Zibo Qilin Fushan Steel Co Ltd,2022,619.6811027045829,0.0,1301.3303156796242,0.0,619.6811027045829,1301.3303156796242,1,100.0,0.0
Pan Gang Group Sichuan Changcheng Special Steel Co Ltd,2022,0.0,592.2380824419514,0.0,769.9095071745369,592.2380824419514,769.9095071745369,1,0.0,100.0
Lianyungang Huale Alloy Group Co Ltd,2022,549.74566397078,0.0,1154.465894338638,0.0,549.74566397078,1154.465894338638,1,100.0,0.0
Baotou Baoxin Special Steel Co Ltd,2022,531.1552308896426,0.0,1115.4259848682493,0.0,531.1552308896426,1115.4259848682493,1,100.0,0.0
Shaanxi Huaxin Special Steel Group Co Ltd,2022,0.0,531.1552308896426,0.0,690.5018001565353,531.1552308896426,690.5018001565353,1,0.0,100.0
Sichuan Gangchen Stainless Steel Co Ltd,2022,0.0,531.1552308896426,0.0,690.5018001565353,531.1552308896426,690.5018001565353,1,0.0,100.0
Sichuan Shehong Chuanzhong Construction Materials Co Ltd,2022,0.0,486.89229498217236,0.0,632.959983476824,486.89229498217236,632.959983476824,1,0.0,100.0
"Guangde Xinyuanda Metal Products Co., Ltd. Co Ltd",2022,0.0,442.6293590747021,0.0,575.4181667971128,442.6293590747021,575.4181667971128,1,0.0,100.0
Jiangxi Yuanxing Iron and Steel Co Ltd,2022,0.0,442.6293590747021,0.0,575.4181667971128,442.6293590747021,575.4181667971128,1,0.0,100.0
Jilin Steel Group Taihua Metal Equipment Manufacture Co Ltd,2022,0.0,442.6293590747021,0.0,575.4181667971128,442.6293590747021,575.4181667971128,1,0.0,100.0
Liaoyang Xinyi Special Steel Co Ltd,2022,0.0,442.6293590747021,0.0,575.4181667971128,442.6293590747021,575.4181667971128,1,0.0,100.0
Ningbo Haoyang New MATERIALS Techonology Co Ltd,2022,0.0,442.6293590747021,0.0,575.4181667971128,442.6293590747021,575.4181667971128,1,0.0,100.0
YunNan Province Tiangao Nickel Alloy Co Ltd,2022,0.0,442.6293590747021,0.0,575.4181667971128,442.6293590747021,575.4181667971128,1,0.0,100.0
Zhejiang TSINGSHAN IRON&STEEL Co Ltd,2022,0.0,442.6293590747021,0.0,575.4181667971128,442.6293590747021,575.4181667971128,1,0.0,100.0
Xinjiang Xin'an Special Steel Co Ltd,2022,0.0,354.1034872597617,0.0,460.33453343769025,354.1034872597617,460.33453343769025,1,0.0,100.0
Changzhou Dongfang Special Steel Co Ltd,2022,0.0,318.69313853378554,0.0,414.3010800939212,318.69313853378554,414.3010800939212,1,0.0,100.0
"Fugang METAL Manufacturing Co.ltd.,jilinjigang Steel Group",2022,0.0,318.69313853378554,0.0,414.3010800939212,318.69313853378554,414.3010800939212,1,0.0,100.0
Jinzhou Jinxing Special Steel Co Ltd,2022,0.0,318.69313853378554,0.0,414.3010800939212,318.69313853378554,414.3010800939212,1,0.0,100.0
Angang Steel Co Ltd,2023,20505.088195356984,0.0,43060.68521024967,0.0,20505.088195356984,43060.68521024967,2,100.0,0.0
Zhangjiagang Hongchang Steel Co Ltd,2023,12503.146525098555,2771.5668659658345,26256.607702706966,3603.036925755585,15274.71339106439,29859.64462846255,1,81.9,18.1
Wuhan Iron and Steel Co Ltd,2023,14337.337930705211,0.0,30108.409654480944,0.0,14337.337930705211,30108.409654480944,1,100.0,0.0
Inner Mongolia BaoTou Steel Union Co Ltd,2023,14069.645130968023,0.0,29546.25477503285,0.0,14069.645130968023,29546.25477503285,1,100.0,0.0
Shanxi Taigang Stainless Steel Co Ltd,2023,7931.638510731494,3298.8405624178713,16656.44087253614,4288.492731143233,11230.479073149365,20944.933603679372,1,70.6,29.4
Bengang Steel Plates Co Ltd,2023,11176.399719667104,0.0,23470.43941130092,0.0,11176.399719667104,23470.43941130092,1,100.0,0.0
Rizhao Steel Holding Group Co Ltd,2023,10184.944905825667,0.0,21388.384302233902,0.0,10184.944905825667,21388.384302233902,1,100.0,0.0
Zhangjiagang Rongsheng Steel-Making Co Ltd,2023,9527.880761016206,0.0,20008.549598134032,0.0,9527.880761016206,20008.549598134032,1,100.0,0.0
Shandong IRON&STEEL Group Rizhao Co Ltd,2023,7661.241743320193,0.0,16088.607660972406,0.0,7661.241743320193,16088.607660972406,1,100.0,0.0
Baosteel Group Xinjiang Bayi Iron & Steel Co Ltd,2023,6174.059522558037,405.59515111695134,12965.524997371878,527.2736964520368,6579.654673674989,13492.798693823916,1,93.8,6.2
Shanxi Liheng Iron and Steel Co Ltd,2023,6309.257906263688,0.0,13249.441603153746,0.0,6309.257906263688,13249.441603153746,1,100.0,0.0
Lianfeng Steel (Zhangjiagang) Co Ltd,2023,5155.56503197547,901.3225580376698,10826.686567148488,1171.7193254489707,6056.887590013141,11998.405892597459,1,85.1,14.9
Lingyuan Iron & Steel Co Ltd,2023,5402.527412877792,0.0,11345.307567043363,0.0,5402.527412877792,11345.307567043363,1,100.0,0.0
Rizhao Steel Yingkou Medium Plate Co Ltd,2023,4957.274069207183,0.0,10410.275545335084,0.0,4957.274069207183,10410.275545335084,1,100.0,0.0
Shandong Iron & Steel Group Yongfeng Lingang Corp,2023,4867.141813403417,0.0,10220.997808147175,0.0,4867.141813403417,10220.997808147175,1,100.0,0.0
Zhongxin Iron and Steel Group Co Ltd,2023,4867.141813403417,0.0,10220.997808147175,0.0,4867.141813403417,10220.997808147175,1,100.0,0.0
Laiwu Steel Yinshan Section Co Ltd,2023,4507.514112746386,0.0,9465.779636767411,0.0,4507.514112746386,9465.779636767411,1,100.0,0.0
Shanxi Jinnan Iron and Steel Group Co Ltd,2023,4326.348278580815,0.0,9085.331385019712,0.0,4326.348278580815,9085.331385019712,1,100.0,0.0
Shanxi Jianlong Industrial Co Ltd,2023,4281.282150678931,0.0,8990.692516425757,0.0,4281.282150678931,8990.692516425757,1,100.0,0.0
JiuJiang PXSteel Co Ltd,2023,4236.216022777047,0.0,8896.053647831799,0.0,4236.216022777047,8896.053647831799,1,100.0,0.0
Shiheng SPECIAL Steel Group Co Ltd,2023,4191.149894875164,0.0,8801.414779237844,0.0,4191.149894875164,8801.414779237844,1,100.0,0.0
Jincheng FUSHENG Iron & Steel Co Ltd,2023,4146.083766973281,0.0,8706.77591064389,0.0,4146.083766973281,8706.77591064389,1,100.0,0.0
Tonghua Iron & Steel Co Ltd,2023,4137.070541392904,0.0,8687.848136925099,0.0,4137.070541392904,8687.848136925099,1,100.0,0.0
Tianjin Tiangang UNITED SPECIAL Steel Co Ltd,2023,4055.9515111695137,0.0,8517.498173455979,0.0,4055.9515111695137,8517.498173455979,1,100.0,0.0
Chengyu Vanadium & Titanium Technology Co Ltd,2023,3650.356360052562,0.0,7665.748356110381,0.0,3650.356360052562,7665.748356110381,1,100.0,0.0
Ningbo Iron & Steel Co Ltd,2023,3604.388909592641,0.0,7569.216710144547,0.0,3604.388909592641,7569.216710144547,1,100.0,0.0
Pangang Group Xichang Steel and Vanadium Co Ltd,2023,3515.1579763469117,0.0,7381.831750328515,0.0,3515.1579763469117,7381.831750328515,1,100.0,0.0
Shaanxi LONG MEN IRON&STEEL Co Ltd,2023,3425.025720543145,0.0,7192.554013140604,0.0,3425.025720543145,7192.554013140604,1,100.0,0.0
Zenith Steel Group Co Ltd,2023,3334.893464739378,0.0,7003.276275952694,0.0,3334.893464739378,7003.276275952694,1,100.0,0.0
Shanxi Zhongyang Iron & Steel Co Ltd,2023,3244.7612089356107,0.0,6813.998538764783,0.0,3244.7612089356107,6813.998538764783,1,100.0,0.0
Shougang Changzhi IRON& Steel Co Ltd,2023,3244.7612089356107,0.0,6813.998538764783,0.0,3244.7612089356107,6813.998538764783,1,100.0,0.0
Xiwang METAL Science Technology Co Ltd,2023,2073.0418834866405,1171.7193254489705,4353.387955321945,1523.2351230836616,3244.7612089356107,5876.623078405606,1,63.9,36.1
Ningxia Jianlong Special Steel Co Ltd,2023,3154.628953131844,0.0,6624.720801576873,0.0,3154.628953131844,6624.720801576873,1,100.0,0.0
Linyi Iron and Steel Investment Group Co Ltd,2023,2433.5709067017083,630.9257906263688,5110.498904073587,820.2035278142795,3064.496697328077,5930.702431887867,1,79.4,20.6
Yangzhou Hengrun Ocean Heavy Industry Co Ltd,2023,2974.36444152431,0.0,6246.165327201052,0.0,2974.36444152431,6246.165327201052,1,100.0,0.0
Rockcheck Steel Group Co Ltd,2023,2929.2983136224266,0.0,6151.526458607096,0.0,2929.2983136224266,6151.526458607096,1,100.0,0.0
Jiangsu Xusteel Group Co Ltd,2023,2749.0338020148924,0.0,5772.970984231274,0.0,2749.0338020148924,5772.970984231274,1,100.0,0.0
Lianyungang Xingxin Iron and Steel Co Ltd,2023,2703.9676741130093,0.0,5678.3321156373195,0.0,2703.9676741130093,5678.3321156373195,1,100.0,0.0
Lianyungang Yaxin Iron and Steel Co Ltd,2023,2703.9676741130093,0.0,5678.3321156373195,0.0,2703.9676741130093,5678.3321156373195,1,100.0,0.0
Shangang Group Hanzhong Iron & Steel Co Ltd,2023,2703.9676741130093,0.0,5678.3321156373195,0.0,2703.9676741130093,5678.3321156373195,1,100.0,0.0
Shanxi Xintai Iron & Steel Co Ltd,2023,2703.9676741130093,0.0,5678.3321156373195,0.0,2703.9676741130093,5678.3321156373195,1,100.0,0.0
Tianjin Pipe Corp,2023,0.0,2703.9676741130093,0.0,3515.157976346912,2703.9676741130093,3515.157976346912,1,0.0,100.0
Weifang SPECIAL Steel Group Co Ltd,2023,2703.9676741130093,0.0,5678.3321156373195,0.0,2703.9676741130093,5678.3321156373195,1,100.0,0.0
Yunnan Yuxi Xianfu Iron and Steel (Group) Co Ltd,2023,2343.438650897941,342.5025720543145,4921.221166885676,445.25334367060884,2685.9412229522554,5366.474510556285,1,87.2,12.8
Shandong Shouguang Juneng SPECIAL Steel Co Ltd,2023,2118.1080113885237,450.6612790188349,4448.0268239158995,585.8596627244854,2568.7692904073583,5033.886486640385,1,82.5,17.5
Fangda Special Steel Technology Co Ltd,2023,2523.703162505475,0.0,5299.776641261498,0.0,2523.703162505475,5299.776641261498,1,100.0,0.0
Yingkou Iron & Steel Co Ltd,2023,2523.703162505475,0.0,5299.776641261498,0.0,2523.703162505475,5299.776641261498,1,100.0,0.0
Anhui Guihang Special Steel Co Ltd,2023,2433.5709067017083,0.0,5110.498904073587,0.0,2433.5709067017083,5110.498904073587,1,100.0,0.0
Fulun Iron & Steel Co Ltd,2023,2433.5709067017083,0.0,5110.498904073587,0.0,2433.5709067017083,5110.498904073587,1,100.0,0.0
Fushun New Steel Corp Ltd,2023,2433.5709067017083,0.0,5110.498904073587,0.0,2433.5709067017083,5110.498904073587,1,100.0,0.0
Jiangsu Shente Steel Corp,2023,2433.5709067017083,0.0,5110.498904073587,0.0,2433.5709067017083,5110.498904073587,1,100.0,0.0
Jilin Jianlong Steel Co Ltd,2023,2433.5709067017083,0.0,5110.498904073587,0.0,2433.5709067017083,5110.498904073587,1,100.0,0.0
Shandong Chuanyang Group Co Ltd,2023,2433.5709067017083,0.0,5110.498904073587,0.0,2433.5709067017083,5110.498904073587,1,100.0,0.0
Shandong Laigang Yongfeng Steel Corp,2023,2433.5709067017083,0.0,5110.498904073587,0.0,2433.5709067017083,5110.498904073587,1,100.0,0.0
Benxi Beiying Iron & Steel (GROUP) Co Ltd,2023,2343.438650897941,0.0,4921.221166885676,0.0,2343.438650897941,4921.221166885676,1,100.0,0.0
Yunnan Qujing Iron and Steel Group Chenggang Iron and Steel Co Ltd,2023,2343.438650897941,0.0,4921.221166885676,0.0,2343.438650897941,4921.221166885676,1,100.0,0.0
Shanxi Tongde Xinghua Special Steel Co Ltd,2023,2253.306395094174,0.0,4731.943429697766,0.0,2253.306395094174,4731.943429697766,1,100.0,0.0
Chifeng Yuanlian Steel Co Ltd,2023,2208.240267192291,0.0,4637.3045611038115,0.0,2208.240267192291,4637.3045611038115,1,100.0,0.0
Yangzhou Qinyou Special Metal Materials Co Ltd,2023,2163.1741392904073,0.0,4542.665692509856,0.0,2163.1741392904073,4542.665692509856,1,100.0,0.0
Liaoyang United Steel Co Ltd,2023,2073.0418834866405,0.0,4353.387955321945,0.0,2073.0418834866405,4353.387955321945,1,100.0,0.0
Shanxi HONGDA Iron and Steel Group Co Ltd,2023,2073.0418834866405,0.0,4353.387955321945,0.0,2073.0418834866405,4353.387955321945,1,100.0,0.0
Sichuan Dazhou Iron & Steel Group Co Ltd,2023,2073.0418834866405,0.0,4353.387955321945,0.0,2073.0418834866405,4353.387955321945,1,100.0,0.0
Jiangsu Province Binxin Steel Group Co Ltd,2023,2027.9757555847568,0.0,4258.749086727989,0.0,2027.9757555847568,4258.749086727989,1,100.0,0.0
Changshu Longteng Special Steel Co Ltd,2023,1216.7854533508541,777.8413675865089,2555.2494520367936,1011.1937778624616,1994.626820937363,3566.443229899255,1,61.0,39.0
Xiangfen County XinJinShan Special Steel Co Ltd,2023,1982.9096276828734,0.0,4164.110218134035,0.0,1982.9096276828734,4164.110218134035,1,100.0,0.0
BERIS Jiangsu Heavy Industry Co Ltd,2023,0.0,1802.6451160753395,0.0,2343.4386508979414,1802.6451160753395,2343.4386508979414,1,0.0,100.0
Houying Group Haicheng Iron and Steel Co Ltd,2023,1802.6451160753395,0.0,3785.554743758213,0.0,1802.6451160753395,3785.554743758213,1,100.0,0.0
Inner Mongolia Yaxinlongshun Special Steel Co Ltd,2023,1802.6451160753395,0.0,3785.554743758213,0.0,1802.6451160753395,3785.554743758213,1,100.0,0.0
Jiangsu Changqiang Iron & Steel Co Ltd,2023,1802.6451160753395,0.0,3785.554743758213,0.0,1802.6451160753395,3785.554743758213,1,100.0,0.0
Luzhou Xinyang Vanadium Titanium Steel Co Ltd,2023,0.0,1802.6451160753395,0.0,2343.4386508979414,1802.6451160753395,2343.4386508979414,1,0.0,100.0
Tangshan Wenfeng Special Steel Co Ltd,2023,1216.7854533508541,585.8596627244852,2555.2494520367936,761.6175615418308,1802.6451160753395,3316.867013578624,1,67.5,32.5
Xiangfen County Xingyuan Steel Group Co Ltd,2023,1802.6451160753395,0.0,3785.554743758213,0.0,1802.6451160753395,3785.554743758213,1,100.0,0.0
Xinxing Ductile Iron Pipes Xinjiang Co Ltd,2023,1802.6451160753395,0.0,3785.554743758213,0.0,1802.6451160753395,3785.554743758213,1,100.0,0.0
Lucheng Xingbao Iron & Steel Co Ltd,2023,1712.5128602715724,0.0,3596.277006570302,0.0,1712.5128602715724,3596.277006570302,1,100.0,0.0
Yunnan Yuxi Iron and Steel Group Yukun Iron and Steel Co Ltd,2023,1706.2036023653088,0.0,3583.0275649671485,0.0,1706.2036023653088,3583.0275649671485,1,100.0,0.0
Anshan Baode Iron & Steel Co Ltd,2023,1622.3806044678054,0.0,3406.9992693823915,0.0,1622.3806044678054,3406.9992693823915,1,100.0,0.0
Yunnan Desheng Steel Co Ltd,2023,0.0,1595.3409277266753,0.0,2073.943206044678,1595.3409277266753,2073.943206044678,1,0.0,100.0
Licheng Taihang Iron & Steel Co Ltd,2023,1532.2483486640385,0.0,3217.721532194481,0.0,1532.2483486640385,3217.721532194481,1,100.0,0.0
Shanxi Meijin Iron and Steel Co Ltd,2023,1532.2483486640385,0.0,3217.721532194481,0.0,1532.2483486640385,3217.721532194481,1,100.0,0.0
Xuzhou Baofeng Special Steel Co Ltd,2023,1532.2483486640385,0.0,3217.721532194481,0.0,1532.2483486640385,3217.721532194481,1,100.0,0.0
Jiangsu HONGTAI Metals Ware Co Ltd,2023,0.0,1420.4843514673673,0.0,1846.6296569075776,1420.4843514673673,1846.6296569075776,1,0.0,100.0
Danyang Longjiang Steel Co Ltd,2023,1351.9838370565046,0.0,2839.1660578186597,0.0,1351.9838370565046,2839.1660578186597,1,100.0,0.0
Jiangyin Huaxi Steel Co Ltd,2023,1351.9838370565046,0.0,2839.1660578186597,0.0,1351.9838370565046,2839.1660578186597,1,100.0,0.0
Longnan Fuxin Steel Co Ltd,2023,0.0,1351.9838370565046,0.0,1757.578988173456,1351.9838370565046,1757.578988173456,1,0.0,100.0
Sichuan Shengquan Iron and Steel Group Co Ltd,2023,0.0,1351.9838370565046,0.0,1757.578988173456,1351.9838370565046,1757.578988173456,1,0.0,100.0
Jishan Mingfu Steel Products Co Ltd,2023,1291.5952256679807,0.0,2712.3499739027598,0.0,1291.5952256679807,2712.3499739027598,1,100.0,0.0
Yantai Walsin Stainless Steel Co Ltd,2023,0.0,1261.8515812527376,0.0,1640.407055628559,1261.8515812527376,1640.407055628559,1,0.0,100.0
Yunnan Qujing Iron and Steel Group Co Ltd,2023,0.0,1261.8515812527376,0.0,1640.407055628559,1261.8515812527376,1640.407055628559,1,0.0,100.0
Yunnan Qujing Iron and Steel Group Yanggang Iron and Steel Co Ltd,2023,1261.8515812527376,0.0,2649.888320630749,0.0,1261.8515812527376,2649.888320630749,1,100.0,0.0
Inner Mongolia Desheng Metal Products Co Ltd,2023,1216.7854533508541,0.0,2555.2494520367936,0.0,1216.7854533508541,2555.2494520367936,1,100.0,0.0
Jiangsu Delong Nickel Industry Co Ltd,2023,0.0,1216.7854533508541,0.0,1581.8210893561104,1216.7854533508541,1581.8210893561104,1,0.0,100.0
Wulanhot Iron & Steel Co Ltd,2023,1216.7854533508541,0.0,2555.2494520367936,0.0,1216.7854533508541,2555.2494520367936,1,100.0,0.0
Xinjiang KingTec Steel Co Ltd,2023,1202.3642924222513,0.0,2524.965014086728,0.0,1202.3642924222513,2524.965014086728,1,100.0,0.0
Baotou Deshun Spec. Steel Co Ltd,2023,1126.653197547087,0.0,2365.971714848883,0.0,1126.653197547087,2365.971714848883,1,100.0,0.0
Huahong Iron and Steel Products Co Ltd,2023,0.0,1081.5870696452037,0.0,1406.0631905387647,1081.5870696452037,1406.0631905387647,1,0.0,100.0
Shanxi Dongfang Hengliu Precision Casting Co,2023,1081.5870696452037,0.0,2271.332846254928,0.0,1081.5870696452037,2271.332846254928,1,100.0,0.0
Zhejiang Wantai Special Steel Co Ltd,2023,0.0,1081.5870696452037,0.0,1406.0631905387647,1081.5870696452037,1406.0631905387647,1,0.0,100.0
Hejin Huaxinyuan Steel & Iron Co Ltd,2023,1036.5209417433202,0.0,2176.6939776609725,0.0,1036.5209417433202,2176.6939776609725,1,100.0,0.0
Xinjiang Minxin Iron and Steel (Group) Minhang Special Steel Co Ltd,2023,0.0,1000.4680394218134,0.0,1300.6084512483574,1000.4680394218134,1300.6084512483574,1,0.0,100.0
Jilinheng Precision Casting Technology Co Ltd,2023,991.4548138414367,0.0,2082.0551090670174,0.0,991.4548138414367,2082.0551090670174,1,100.0,0.0
Posco (Zhangjiagang) Stainless Steel Co Ltd,2023,0.0,991.4548138414367,0.0,1288.8912579938678,991.4548138414367,1288.8912579938678,1,0.0,100.0
Zhejiang Yuxin Industrial Co Ltd,2023,0.0,991.4548138414367,0.0,1288.8912579938678,991.4548138414367,1288.8912579938678,1,0.0,100.0
Dazhou Hangda Steel Co Ltd,2023,0.0,901.3225580376698,0.0,1171.7193254489707,901.3225580376698,1171.7193254489707,1,0.0,100.0
Jiangxi Taixin Iron & Steel Co Ltd,2023,0.0,901.3225580376698,0.0,1171.7193254489707,901.3225580376698,1171.7193254489707,1,0.0,100.0
Xinjiang Da'an Special Steel Co Ltd,2023,901.3225580376698,0.0,1892.7773718791066,0.0,901.3225580376698,1892.7773718791066,1,100.0,0.0
Xinjiang Ka Steel Group Co,2023,901.3225580376698,0.0,1892.7773718791066,0.0,901.3225580376698,1892.7773718791066,1,100.0,0.0
Xuzhou Jinhong Iron and Steel Group Co Ltd,2023,0.0,901.3225580376698,0.0,1171.7193254489707,901.3225580376698,1171.7193254489707,1,0.0,100.0
Jinye Steel Group Co Ltd,2023,856.2564301357862,0.0,1798.138503285151,0.0,856.2564301357862,1798.138503285151,1,100.0,0.0
Yuxi Xinxing Iron & Steel Co Ltd,2023,854.4537850197108,0.0,1794.3529485413928,0.0,854.4537850197108,1794.3529485413928,1,100.0,0.0
Baotou Jiyu Steel Co Ltd,2023,811.1903022339027,0.0,1703.4996346911958,0.0,811.1903022339027,1703.4996346911958,1,100.0,0.0
Xining Special Steel Co Ltd,2023,811.1903022339027,0.0,1703.4996346911958,0.0,811.1903022339027,1703.4996346911958,1,100.0,0.0
Sichuan Ya'an Anshan Iron and Steel Co Ltd,2023,0.0,748.0977231712659,0.0,972.5270401226456,748.0977231712659,972.5270401226456,1,0.0,100.0
Baicheng Fuda Bar Rolling Co Ltd,2023,0.0,710.2421757336837,0.0,923.3148284537888,710.2421757336837,923.3148284537888,1,0.0,100.0
Jiangyin Xicheng Steel Co Ltd,2023,0.0,648.9522417871221,0.0,843.6379143232588,648.9522417871221,843.6379143232588,1,0.0,100.0
Shaanxi Hanzhong Iron & Steel Group Co,2023,0.0,630.9257906263688,0.0,820.2035278142795,630.9257906263688,820.2035278142795,1,0.0,100.0
Zibo Qilin Fushan Steel Co Ltd,2023,630.9257906263688,0.0,1324.9441603153746,0.0,630.9257906263688,1324.9441603153746,1,100.0,0.0
Pan Gang Group Sichuan Changcheng Special Steel Co Ltd,2023,0.0,602.984791327201,0.0,783.8802287253613,602.984791327201,783.8802287253613,1,0.0,100.0
Lianyungang Huale Alloy Group Co Ltd,2023,559.7213085413929,0.0,1175.414747936925,0.0,559.7213085413929,1175.414747936925,1,100.0,0.0
Baotou Baoxin Special Steel Co Ltd,2023,540.7935348226018,0.0,1135.666423127464,0.0,540.7935348226018,1135.666423127464,1,100.0,0.0
Shaanxi Huaxin Special Steel Group Co Ltd,2023,0.0,540.7935348226018,0.0,703.0315952693824,540.7935348226018,703.0315952693824,1,0.0,100.0
Sichuan Gangchen Stainless Steel Co Ltd,2023,0.0,540.7935348226018,0.0,703.0315952693824,540.7935348226018,703.0315952693824,1,0.0,100.0
Sichuan Shehong Chuanzhong Construction Materials Co Ltd,2023,0.0,495.72740692071835,0.0,644.4456289969339,495.72740692071835,644.4456289969339,1,0.0,100.0
"Guangde Xinyuanda Metal Products Co., Ltd. Co Ltd",2023,0.0,450.6612790188349,0.0,585.8596627244854,450.6612790188349,585.8596627244854,1,0.0,100.0
Jiangxi Yuanxing Iron and Steel Co Ltd,2023,0.0,450.6612790188349,0.0,585.8596627244854,450.6612790188349,585.8596627244854,1,0.0,100.0
Jilin Steel Group Taihua Metal Equipment Manufacture Co Ltd,2023,0.0,450.6612790188349,0.0,585.8596627244854,450.6612790188349,585.8596627244854,1,0.0,100.0
Liaoyang Xinyi Special Steel Co Ltd,2023,0.0,450.6612790188349,0.0,585.8596627244854,450.6612790188349,585.8596627244854,1,0.0,100.0
Ningbo Haoyang New MATERIALS Techonology Co Ltd,2023,0.0,450.6612790188349,0.0,585.8596627244854,450.6612790188349,585.8596627244854,1,0.0,100.0
Tianjin Rongcheng Group Tangshan Special Steel Co Ltd; Tangshan Zhengfeng Steel Co Ltd,2023,0.0,450.6612790188349,0.0,585.8596627244854,450.6612790188349,585.8596627244854,1,0.0,100.0
YunNan Province Tiangao Nickel Alloy Co Ltd,2023,0.0,450.6612790188349,0.0,585.8596627244854,450.6612790188349,585.8596627244854,1,0.0,100.0
Zhejiang TSINGSHAN IRON&STEEL Co Ltd,2023,0.0,450.6612790188349,0.0,585.8596627244854,450.6612790188349,585.8596627244854,1,0.0,100.0
Xinjiang Xin'an Special Steel Co Ltd,2023,0.0,360.52902321506787,0.0,468.68773017958824,360.52902321506787,468.68773017958824,1,0.0,100.0
Changzhou Dongfang Special Steel Co Ltd,2023,0.0,324.4761208935611,0.0,421.8189571616294,324.4761208935611,421.8189571616294,1,0.0,100.0
"Fugang METAL Manufacturing Co.ltd.,jilinjigang Steel Group",2023,0.0,324.4761208935611,0.0,421.8189571616294,324.4761208935611,421.8189571616294,1,0.0,100.0
Jinzhou Jinxing Special Steel Co Ltd,2023,0.0,324.4761208935611,0.0,421.8189571616294,324.4761208935611,421.8189571616294,1,0.0,100.0
Angang Steel Co Ltd,2024,20031.36005256242,0.0,42065.85611038108,0.0,20031.36005256242,42065.85611038108,2,100.0,0.0
Zhangjiagang Hongchang Steel Co Ltd,2024,12214.286885676742,2707.535479632063,25650.002459921157,3519.796123521682,14921.822365308804,29169.79858344284,1,81.9,18.1
Wuhan Iron and Steel Co Ltd,2024,14006.103048620236,0.0,29412.816402102497,0.0,14006.103048620236,29412.816402102497,1,100.0,0.0
Inner Mongolia BaoTou Steel Union Co Ltd,2024,13744.594743758213,0.0,28863.648961892246,0.0,13744.594743758213,28863.648961892246,1,100.0,0.0
Shanxi Taigang Stainless Steel Co Ltd,2024,7748.394218134034,3222.6275952693823,16271.627858081472,4189.415873850197,10971.021813403417,20461.04373193167,1,70.6,29.4
Bengang Steel Plates Co Ltd,2024,10918.19185282523,0.0,22928.202890932986,0.0,10918.19185282523,22928.202890932986,1,100.0,0.0
Rizhao Steel Holding Group Co Ltd,2024,9949.642575558475,0.0,20894.2494086728,0.0,9949.642575558475,20894.2494086728,1,100.0,0.0
Zhangjiagang Rongsheng Steel-Making Co Ltd,2024,9307.758554533508,0.0,19546.292964520366,0.0,9307.758554533508,19546.292964520366,1,100.0,0.0
Shandong IRON&STEEL Group Rizhao Co Ltd,2024,7484.244415243101,0.0,15716.913272010512,0.0,7484.244415243101,15716.913272010512,1,100.0,0.0
Baosteel Group Xinjiang Bayi Iron & Steel Co Ltd,2024,6031.420499342969,396.2247043363995,12665.983048620235,515.0921156373194,6427.645203679369,13181.075164257554,1,93.8,6.2
Shanxi Liheng Iron and Steel Co Ltd,2024,6163.495400788436,0.0,12943.340341655716,0.0,6163.495400788436,12943.340341655716,1,100.0,0.0
Lianfeng Steel (Zhangjiagang) Co Ltd,2024,5036.456241787122,880.4993429697766,10576.558107752957,1144.6491458607097,5916.955584756899,11721.207253613666,1,85.1,14.9
Lingyuan Iron & Steel Co Ltd,2024,5277.713061760841,0.0,11083.197429697766,0.0,5277.713061760841,11083.197429697766,1,100.0,0.0
Rizhao Steel Yingkou Medium Plate Co Ltd,2024,4842.746386333772,0.0,10169.767411300922,0.0,4842.746386333772,10169.767411300922,1,100.0,0.0
Shandong Iron & Steel Group Yongfeng Lingang Corp,2024,4754.696452036794,0.0,9984.862549277268,0.0,4754.696452036794,9984.862549277268,1,100.0,0.0
Zhongxin Iron and Steel Group Co Ltd,2024,4754.696452036794,0.0,9984.862549277268,0.0,4754.696452036794,9984.862549277268,1,100.0,0.0
Laiwu Steel Yinshan Section Co Ltd,2024,4403.3772141918525,0.0,9247.092149802891,0.0,4403.3772141918525,9247.092149802891,1,100.0,0.0
Shanxi Jinnan Iron and Steel Group Co Ltd,2024,4226.396846254927,0.0,8875.433377135349,0.0,4226.396846254927,8875.433377135349,1,100.0,0.0
Shanxi Jianlong Industrial Co Ltd,2024,4182.371879106439,0.0,8782.980946123524,0.0,4182.371879106439,8782.980946123524,1,100.0,0.0
JiuJiang PXSteel Co Ltd,2024,4138.34691195795,0.0,8690.528515111697,0.0,4138.34691195795,8690.528515111697,1,100.0,0.0
Shiheng SPECIAL Steel Group Co Ltd,2024,4094.3219448094615,0.0,8598.07608409987,0.0,4094.3219448094615,8598.07608409987,1,100.0,0.0
Jincheng FUSHENG Iron & Steel Co Ltd,2024,4050.2969776609725,0.0,8505.623653088043,0.0,4050.2969776609725,8505.623653088043,1,100.0,0.0
Tonghua Iron & Steel Co Ltd,2024,4041.4919842312747,0.0,8487.133166885676,0.0,4041.4919842312747,8487.133166885676,1,100.0,0.0
Tianjin Tiangang UNITED SPECIAL Steel Co Ltd,2024,3962.2470433639946,0.0,8320.71879106439,0.0,3962.2470433639946,8320.71879106439,1,100.0,0.0
Chengyu Vanadium & Titanium Technology Co Ltd,2024,3566.022339027595,0.0,7488.64691195795,0.0,3566.022339027595,7488.64691195795,1,100.0,0.0
Ningbo Iron & Steel Co Ltd,2024,3521.1168725361367,0.0,7394.3454323258875,0.0,3521.1168725361367,7394.3454323258875,1,100.0,0.0
Pangang Group Xichang Steel and Vanadium Co Ltd,2024,3433.9474375821287,0.0,7211.28961892247,0.0,3433.9474375821287,7211.28961892247,1,100.0,0.0
Shaanxi LONG MEN IRON&STEEL Co Ltd,2024,3345.8975032851513,0.0,7026.384756898818,0.0,3345.8975032851513,7026.384756898818,1,100.0,0.0
Zenith Steel Group Co Ltd,2024,3257.8475689881734,0.0,6841.479894875164,0.0,3257.8475689881734,6841.479894875164,1,100.0,0.0
Shanxi Zhongyang Iron & Steel Co Ltd,2024,3169.797634691196,0.0,6656.575032851511,0.0,3169.797634691196,6656.575032851511,1,100.0,0.0
Shougang Changzhi IRON& Steel Co Ltd,2024,3169.797634691196,0.0,6656.575032851511,0.0,3169.797634691196,6656.575032851511,1,100.0,0.0
Xiwang METAL Science Technology Co Ltd,2024,2025.1484888304863,1144.6491458607095,4252.811826544022,1488.0438896189223,3169.7976346911955,5740.855716162944,1,63.9,36.1
Ningxia Jianlong Special Steel Co Ltd,2024,3081.747700394218,0.0,6471.670170827858,0.0,3081.747700394218,6471.670170827858,1,100.0,0.0
Linyi Iron and Steel Investment Group Co Ltd,2024,2377.348226018397,616.3495400788436,4992.431274638634,801.2544021024967,2993.6977660972407,5793.685676741131,1,79.4,20.6
Yangzhou Hengrun Ocean Heavy Industry Co Ltd,2024,2905.647831800263,0.0,6101.860446780552,0.0,2905.647831800263,6101.860446780552,1,100.0,0.0
Rockcheck Steel Group Co Ltd,2024,2861.622864651774,0.0,6009.408015768725,0.0,2861.622864651774,6009.408015768725,1,100.0,0.0
Jiangsu Xusteel Group Co Ltd,2024,2685.5229960578185,0.0,5639.59829172142,0.0,2685.5229960578185,5639.59829172142,1,100.0,0.0
Lianyungang Xingxin Iron and Steel Co Ltd,2024,2641.4980289093296,0.0,5547.145860709593,0.0,2641.4980289093296,5547.145860709593,1,100.0,0.0
Lianyungang Yaxin Iron and Steel Co Ltd,2024,2641.4980289093296,0.0,5547.145860709593,0.0,2641.4980289093296,5547.145860709593,1,100.0,0.0
Shangang Group Hanzhong Iron & Steel Co Ltd,2024,2641.4980289093296,0.0,5547.145860709593,0.0,2641.4980289093296,5547.145860709593,1,100.0,0.0
Shanxi Xintai Iron & Steel Co Ltd,2024,2641.4980289093296,0.0,5547.145860709593,0.0,2641.4980289093296,5547.145860709593,1,100.0,0.0
Tianjin Pipe Corp,2024,0.0,2641.4980289093296,0.0,3433.9474375821287,2641.4980289093296,3433.9474375821287,1,0.0,100.0
Weifang SPECIAL Steel Group Co Ltd,2024,2641.4980289093296,0.0,5547.145860709593,0.0,2641.4980289093296,5547.145860709593,1,100.0,0.0
Yunnan Yuxi Xianfu Iron and Steel (Group) Co Ltd,2024,2289.298291721419,334.5897503285151,4807.5264126149805,434.9666754270696,2623.888042049934,5242.49308804205,1,87.2,12.8
Shandong Shouguang Juneng SPECIAL Steel Co Ltd,2024,2069.173455978975,440.2496714848883,4345.264257555848,572.3245729303549,2509.4231274638637,4917.588830486204,1,82.5,17.5
Fangda Special Steel Technology Co Ltd,2024,2465.3981603153743,0.0,5177.336136662287,0.0,2465.3981603153743,5177.336136662287,1,100.0,0.0
Yingkou Iron & Steel Co Ltd,2024,2465.3981603153743,0.0,5177.336136662287,0.0,2465.3981603153743,5177.336136662287,1,100.0,0.0
Anhui Guihang Special Steel Co Ltd,2024,2377.348226018397,0.0,4992.431274638634,0.0,2377.348226018397,4992.431274638634,1,100.0,0.0
Fulun Iron & Steel Co Ltd,2024,2377.348226018397,0.0,4992.431274638634,0.0,2377.348226018397,4992.431274638634,1,100.0,0.0
Fushun New Steel Corp Ltd,2024,2377.348226018397,0.0,4992.431274638634,0.0,2377.348226018397,4992.431274638634,1,100.0,0.0
Jiangsu Shente Steel Corp,2024,2377.348226018397,0.0,4992.431274638634,0.0,2377.348226018397,4992.431274638634,1,100.0,0.0
Jilin Jianlong Steel Co Ltd,2024,2377.348226018397,0.0,4992.431274638634,0.0,2377.348226018397,4992.431274638634,1,100.0,0.0
Shandong Chuanyang Group Co Ltd,2024,2377.348226018397,0.0,4992.431274638634,0.0,2377.348226018397,4992.431274638634,1,100.0,0.0
Shandong Laigang Yongfeng Steel Corp,2024,2377.348226018397,0.0,4992.431274638634,0.0,2377.348226018397,4992.431274638634,1,100.0,0.0
Benxi Beiying Iron & Steel (GROUP) Co Ltd,2024,2289.298291721419,0.0,4807.5264126149805,0.0,2289.298291721419,4807.5264126149805,1,100.0,0.0
Yunnan Qujing Iron and Steel Group Chenggang Iron and Steel Co Ltd,2024,2289.298291721419,0.0,4807.5264126149805,0.0,2289.298291721419,4807.5264126149805,1,100.0,0.0
Shanxi Tongde Xinghua Special Steel Co Ltd,2024,2201.2483574244416,0.0,4622.621550591328,0.0,2201.2483574244416,4622.621550591328,1,100.0,0.0
Chifeng Yuanlian Steel Co Ltd,2024,2157.2233902759526,0.0,4530.169119579501,0.0,2157.2233902759526,4530.169119579501,1,100.0,0.0
Yangzhou Qinyou Special Metal Materials Co Ltd,2024,2113.1984231274637,0.0,4437.716688567674,0.0,2113.1984231274637,4437.716688567674,1,100.0,0.0
Liaoyang United Steel Co Ltd,2024,2025.1484888304863,0.0,4252.811826544022,0.0,2025.1484888304863,4252.811826544022,1,100.0,0.0
Shanxi HONGDA Iron and Steel Group Co Ltd,2024,2025.1484888304863,0.0,4252.811826544022,0.0,2025.1484888304863,4252.811826544022,1,100.0,0.0
Sichuan Dazhou Iron & Steel Group Co Ltd,2024,2025.1484888304863,0.0,4252.811826544022,0.0,2025.1484888304863,4252.811826544022,1,100.0,0.0
Jiangsu Province Binxin Steel Group Co Ltd,2024,1981.1235216819973,0.0,4160.359395532195,0.0,1981.1235216819973,4160.359395532195,1,100.0,0.0
Changshu Longteng Special Steel Co Ltd,2024,1188.6741130091984,759.8709329829172,2496.215637319317,987.8322128777925,1948.5450459921158,3484.0478501971093,1,61.0,39.0
Xiangfen County XinJinShan Special Steel Co Ltd,2024,1937.0985545335086,0.0,4067.906964520368,0.0,1937.0985545335086,4067.906964520368,1,100.0,0.0
BERIS Jiangsu Heavy Industry Co Ltd,2024,0.0,1760.9986859395533,0.0,2289.2982917214194,1760.9986859395533,2289.2982917214194,1,0.0,100.0
Houying Group Haicheng Iron and Steel Co Ltd,2024,1760.9986859395533,0.0,3698.097240473062,0.0,1760.9986859395533,3698.097240473062,1,100.0,0.0
Inner Mongolia Yaxinlongshun Special Steel Co Ltd,2024,1760.9986859395533,0.0,3698.097240473062,0.0,1760.9986859395533,3698.097240473062,1,100.0,0.0
Jiangsu Changqiang Iron & Steel Co Ltd,2024,1760.9986859395533,0.0,3698.097240473062,0.0,1760.9986859395533,3698.097240473062,1,100.0,0.0
Luzhou Xinyang Vanadium Titanium Steel Co Ltd,2024,0.0,1760.9986859395533,0.0,2289.2982917214194,1760.9986859395533,2289.2982917214194,1,0.0,100.0
Xiangfen County Xingyuan Steel Group Co Ltd,2024,1760.9986859395533,0.0,3698.097240473062,0.0,1760.9986859395533,3698.097240473062,1,100.0,0.0
Xinxing Ductile Iron Pipes Xinjiang Co Ltd,2024,1760.9986859395533,0.0,3698.097240473062,0.0,1760.9986859395533,3698.097240473062,1,100.0,0.0
Tangshan Wenfeng Special Steel Co Ltd,2024,1188.6741130091984,572.3245729303547,2496.215637319317,744.0219448094612,1760.998685939553,3240.2375821287783,1,67.5,32.5
Lucheng Xingbao Iron & Steel Co Ltd,2024,1672.9487516425756,0.0,3513.192378449409,0.0,1672.9487516425756,3513.192378449409,1,100.0,0.0
Yunnan Yuxi Iron and Steel Group Yukun Iron and Steel Co Ltd,2024,1666.785256241787,0.0,3500.2490381077528,0.0,1666.785256241787,3500.2490381077528,1,100.0,0.0
Anshan Baode Iron & Steel Co Ltd,2024,1584.898817345598,0.0,3328.2875164257557,0.0,1584.898817345598,3328.2875164257557,1,100.0,0.0
Yunnan Desheng Steel Co Ltd,2024,0.0,1558.4838370565046,0.0,2026.0289881734561,1558.4838370565046,2026.0289881734561,1,0.0,100.0
Licheng Taihang Iron & Steel Co Ltd,2024,1496.8488830486203,0.0,3143.3826544021026,0.0,1496.8488830486203,3143.3826544021026,1,100.0,0.0
Shanxi Meijin Iron and Steel Co Ltd,2024,1496.8488830486203,0.0,3143.3826544021026,0.0,1496.8488830486203,3143.3826544021026,1,100.0,0.0
Xuzhou Baofeng Special Steel Co Ltd,2024,1496.8488830486203,0.0,3143.3826544021026,0.0,1496.8488830486203,3143.3826544021026,1,100.0,0.0
Jiangsu HONGTAI Metals Ware Co Ltd,2024,0.0,1387.6669645203679,0.0,1803.9670538764783,1387.6669645203679,1803.9670538764783,1,0.0,100.0
Danyang Longjiang Steel Co Ltd,2024,1320.7490144546648,0.0,2773.5729303547964,0.0,1320.7490144546648,2773.5729303547964,1,100.0,0.0
Jiangyin Huaxi Steel Co Ltd,2024,1320.7490144546648,0.0,2773.5729303547964,0.0,1320.7490144546648,2773.5729303547964,1,100.0,0.0
Longnan Fuxin Steel Co Ltd,2024,0.0,1320.7490144546648,0.0,1716.9737187910644,1320.7490144546648,1716.9737187910644,1,0.0,100.0
Sichuan Shengquan Iron and Steel Group Co Ltd,2024,0.0,1320.7490144546648,0.0,1716.9737187910644,1320.7490144546648,1716.9737187910644,1,0.0,100.0
Jishan Mingfu Steel Products Co Ltd,2024,1261.75555847569,0.0,2649.686672798949,0.0,1261.75555847569,2649.686672798949,1,100.0,0.0
Yantai Walsin Stainless Steel Co Ltd,2024,0.0,1232.6990801576871,0.0,1602.5088042049933,1232.6990801576871,1602.5088042049933,1,0.0,100.0
Yunnan Qujing Iron and Steel Group Co Ltd,2024,0.0,1232.6990801576871,0.0,1602.5088042049933,1232.6990801576871,1602.5088042049933,1,0.0,100.0
Yunnan Qujing Iron and Steel Group Yanggang Iron and Steel Co Ltd,2024,1232.6990801576871,0.0,2588.6680683311433,0.0,1232.6990801576871,2588.6680683311433,1,100.0,0.0
Inner Mongolia Desheng Metal Products Co Ltd,2024,1188.6741130091984,0.0,2496.215637319317,0.0,1188.6741130091984,2496.215637319317,1,100.0,0.0
Jiangsu Delong Nickel Industry Co Ltd,2024,0.0,1188.6741130091984,0.0,1545.276346911958,1188.6741130091984,1545.276346911958,1,0.0,100.0
Wulanhot Iron & Steel Co Ltd,2024,1188.6741130091984,0.0,2496.215637319317,0.0,1188.6741130091984,2496.215637319317,1,100.0,0.0
Xinjiang KingTec Steel Co Ltd,2024,1174.586123521682,0.0,2466.6308593955328,0.0,1174.586123521682,2466.6308593955328,1,100.0,0.0
Baotou Deshun Spec. Steel Co Ltd,2024,1100.6241787122208,0.0,2311.310775295664,0.0,1100.6241787122208,2311.310775295664,1,100.0,0.0
Huahong Iron and Steel Products Co Ltd,2024,0.0,1056.5992115637318,0.0,1373.5789750328515,1056.5992115637318,1373.5789750328515,1,0.0,100.0
Shanxi Dongfang Hengliu Precision Casting Co,2024,1056.5992115637318,0.0,2218.858344283837,0.0,1056.5992115637318,2218.858344283837,1,100.0,0.0
Zhejiang Wantai Special Steel Co Ltd,2024,0.0,1056.5992115637318,0.0,1373.5789750328515,1056.5992115637318,1373.5789750328515,1,0.0,100.0
Hejin Huaxinyuan Steel & Iron Co Ltd,2024,1012.5742444152431,0.0,2126.405913272011,0.0,1012.5742444152431,2126.405913272011,1,100.0,0.0
Xinjiang Minxin Iron and Steel (Group) Minhang Special Steel Co Ltd,2024,0.0,977.3542706964521,0.0,1270.5605519053877,977.3542706964521,1270.5605519053877,1,0.0,100.0
Jilinheng Precision Casting Technology Co Ltd,2024,968.5492772667543,0.0,2033.953482260184,0.0,968.5492772667543,2033.953482260184,1,100.0,0.0
Posco (Zhangjiagang) Stainless Steel Co Ltd,2024,0.0,968.5492772667543,0.0,1259.1140604467807,968.5492772667543,1259.1140604467807,1,0.0,100.0
Zhejiang Yuxin Industrial Co Ltd,2024,0.0,968.5492772667543,0.0,1259.1140604467807,968.5492772667543,1259.1140604467807,1,0.0,100.0
Dazhou Hangda Steel Co Ltd,2024,0.0,880.4993429697766,0.0,1144.6491458607097,880.4993429697766,1144.6491458607097,1,0.0,100.0
Jiangxi Taixin Iron & Steel Co Ltd,2024,0.0,880.4993429697766,0.0,1144.6491458607097,880.4993429697766,1144.6491458607097,1,0.0,100.0
Xinjiang Da'an Special Steel Co Ltd,2024,880.4993429697766,0.0,1849.048620236531,0.0,880.4993429697766,1849.048620236531,1,100.0,0.0
Xinjiang Ka Steel Group Co,2024,880.4993429697766,0.0,1849.048620236531,0.0,880.4993429697766,1849.048620236531,1,100.0,0.0
Xuzhou Jinhong Iron and Steel Group Co Ltd,2024,0.0,880.4993429697766,0.0,1144.6491458607097,880.4993429697766,1144.6491458607097,1,0.0,100.0
Jinye Steel Group Co Ltd,2024,836.4743758212878,0.0,1756.5961892247044,0.0,836.4743758212878,1756.5961892247044,1,100.0,0.0
Yuxi Xinxing Iron & Steel Co Ltd,2024,834.7133771353482,0.0,1752.8980919842313,0.0,834.7133771353482,1752.8980919842313,1,100.0,0.0
Baotou Jiyu Steel Co Ltd,2024,792.449408672799,0.0,1664.1437582128779,0.0,792.449408672799,1664.1437582128779,1,100.0,0.0
Xining Special Steel Co Ltd,2024,792.449408672799,0.0,1664.1437582128779,0.0,792.449408672799,1664.1437582128779,1,100.0,0.0
Sichuan Ya'an Anshan Iron and Steel Co Ltd,2024,0.0,730.8144546649146,0.0,950.058791064389,730.8144546649146,950.058791064389,1,0.0,100.0
Baicheng Fuda Bar Rolling Co Ltd,2024,0.0,693.8334822601839,0.0,901.9835269382392,693.8334822601839,901.9835269382392,1,0.0,100.0
Jiangyin Xicheng Steel Co Ltd,2024,0.0,633.9595269382392,0.0,824.1473850197109,633.9595269382392,824.1473850197109,1,0.0,100.0
Shaanxi Hanzhong Iron & Steel Group Co,2024,0.0,616.3495400788436,0.0,801.2544021024967,616.3495400788436,801.2544021024967,1,0.0,100.0
Zibo Qilin Fushan Steel Co Ltd,2024,616.3495400788436,0.0,1294.3340341655717,0.0,616.3495400788436,1294.3340341655717,1,100.0,0.0
Pan Gang Group Sichuan Changcheng Special Steel Co Ltd,2024,0.0,589.0540604467806,0.0,765.7702785808148,589.0540604467806,765.7702785808148,1,0.0,100.0
Lianyungang Huale Alloy Group Co Ltd,2024,546.7900919842313,0.0,1148.2591931668858,0.0,546.7900919842313,1148.2591931668858,1,100.0,0.0
Baotou Baoxin Special Steel Co Ltd,2024,528.2996057818659,0.0,1109.4291721419186,0.0,528.2996057818659,1109.4291721419186,1,100.0,0.0
Shaanxi Huaxin Special Steel Group Co Ltd,2024,0.0,528.2996057818659,0.0,686.7894875164258,528.2996057818659,686.7894875164258,1,0.0,100.0
Sichuan Gangchen Stainless Steel Co Ltd,2024,0.0,528.2996057818659,0.0,686.7894875164258,528.2996057818659,686.7894875164258,1,0.0,100.0
Sichuan Shehong Chuanzhong Construction Materials Co Ltd,2024,0.0,484.27463863337715,0.0,629.5570302233904,484.27463863337715,629.5570302233904,1,0.0,100.0
"Guangde Xinyuanda Metal Products Co., Ltd. Co Ltd",2024,0.0,440.2496714848883,0.0,572.3245729303549,440.2496714848883,572.3245729303549,1,0.0,100.0
Jiangxi Yuanxing Iron and Steel Co Ltd,2024,0.0,440.2496714848883,0.0,572.3245729303549,440.2496714848883,572.3245729303549,1,0.0,100.0
Jilin Steel Group Taihua Metal Equipment Manufacture Co Ltd,2024,0.0,440.2496714848883,0.0,572.3245729303549,440.2496714848883,572.3245729303549,1,0.0,100.0
Liaoyang Xinyi Special Steel Co Ltd,2024,0.0,440.2496714848883,0.0,572.3245729303549,440.2496714848883,572.3245729303549,1,0.0,100.0
Ningbo Haoyang New MATERIALS Techonology Co Ltd,2024,0.0,440.2496714848883,0.0,572.3245729303549,440.2496714848883,572.3245729303549,1,0.0,100.0
Tianjin Rongcheng Group Tangshan Special Steel Co Ltd; Tangshan Zhengfeng Steel Co Ltd,2024,0.0,440.2496714848883,0.0,572.3245729303549,440.2496714848883,572.3245729303549,1,0.0,100.0
YunNan Province Tiangao Nickel Alloy Co Ltd,2024,0.0,440.2496714848883,0.0,572.3245729303549,440.2496714848883,572.3245729303549,1,0.0,100.0
Zhejiang TSINGSHAN IRON&STEEL Co Ltd,2024,0.0,440.2496714848883,0.0,572.3245729303549,440.2496714848883,572.3245729303549,1,0.0,100.0
Xinjiang Xin'an Special Steel Co Ltd,2024,0.0,352.19973718791067,0.0,457.8596583442839,352.19973718791067,457.8596583442839,1,0.0,100.0
Changzhou Dongfang Special Steel Co Ltd,2024,0.0,316.9797634691196,0.0,412.07369250985545,316.9797634691196,412.07369250985545,1,0.0,100.0
"Fugang METAL Manufacturing Co.ltd.,jilinjigang Steel Group",2024,0.0,316.9797634691196,0.0,412.07369250985545,316.9797634691196,412.07369250985545,1,0.0,100.0
Jinzhou Jinxing Special Steel Co Ltd,2024,0.0,316.9797634691196,0.0,412.07369250985545,316.9797634691196,412.07369250985545,1,0.0,100.0
