name,logo,logo_size,type,traded_as,foundation,hq_location_city,hq_location_country,area_served,key_people,industry,products,revenue,net_income,num_employees,parent,predecessor,homepage,image,location,areas_served,operating_income,assets,equity,divisions,subsid,image_caption,location_city,location_country,ISIN,founder,num_locations,services,rating,owner,former_names,revenue_year,income_year,assets_year,locations,trade_name,predecessors,brands,members,net_income_year,website,founded,hq_location,production,num_locations_year
Ambev S.A.,Ambev logo.svg,225px,[[Public company|Public]] [[subsidiary]],{{Unbulleted list|B3 (stock exchange)|cvm|=|23264|ABEV3|NYSE|ABEV|[[Ibovespa|Ibovespa Component]]}} {{B3 (stock exchange)|cvm|=|23264|ABEV3}} {{NYSE|ABEV}},{{Start date and age|1999}},[[São Paulo]],Brazil,"[[Brazil]], [[Latin America]], [[Canada]]",Jean Jereissati ([[chairman]] & [[CEO]]),[[drink industry|Beverage]],[[Beer]]s and [[soft drinks]],{{Increase}} [[United States dollar|US$]] 15.2 &nbsp;billion (2022),"{{increase}} US$ 2.8 billion (2022
)","41,000+",[[AB InBev]],[[Companhia Cervejaria Brahma]]<br>[[Antarctica Beer|Companhia Antarctica Paulista]],{{URL | https://www.ambev.com.br/}},,,,,,,,,,,,,,,,,,,,,,,,,,,,,,,,
"América Móvil, S.A.B. de C.V.",Logo de América Móvil.svg,100px,[[Public company|Public]],{{BMV|AMX|6024}} <br /> {{New York Stock Exchange|AMX}} ([[American depositary receipt|ADR]])<br /> {{BMAD|MXP001691213|XAMXL}},{{start date and age|2000|09|25|df|=|yes}},,,,[[Carlos Slim Helú]] ([[Chairman|chairman emeritus]])<br />[[Carlos Slim Domit]] ([[chairman]])<br />Daniel Hajj Aboumrad ([[Chief executive officer|CEO]]),[[Telecommunication]]s[1,"[[Landline|Fixed-line]]<br>[[Mobile phone]]<br>[[Broadband]],<br>[[Digital television]]<br>[[IPTV]]<br>[[Digital Media]]<br>[[Internet of things]]",{{increase}} [[Mexican peso|MX$]]1.016 Trillion (''Fiscal Year Ended 31 December 2020''),{{increase}} [[Mexican peso|MX$]]51.027 Billion (''Fiscal Year Ended 31 December 2020''),"189,448 (2018)",,,{{URL|https://www.americamovil.com/}},Plaza_Carso_Mexico.jpg,"[[Plaza Carso]], [[Mexico City]], Mexico",[[Americas]]<br />[[Europe]],{{increase}} [[Mexican peso|MX$]]165.355 Billion (''Fiscal Year Ended 31 December 2020''),{{increase}} [[Mexican peso|MX$]]1.625 Trillion (''Fiscal Year Ended 31 December 2020''),{{increase}} [[Mexican peso|MX$]]315.118 Billion (''Fiscal Year Ended 31 December 2020''),[[Carso Global Telecom]]<br>Global Hitss,[[Claro Americas|Claro]]<br>[[Claro Americas|Claro TV]]<br>[[Claro Americas|Claro TV+]]<br>DLA Inc.<br>[[Embratel]]<br>[[KPN]] (16.1%)<br>Nextel Brazil <br>[[Nuestra Visión]]<br>Sección Amarilla<br>Sercotel<br>Speedy Movil<br>[[Telcel]]<br>[[Telekom Austria Group|A1 Group]] (59.1%)<br>[[Telmex]]<br>[[Telnor]]<br>Telvista<br> {{ill|Uno TV|es}},,,,,,,,,,,,,,,,,,,,,,,,
Bancolombia S.A.,Bancolombia S.A. logo.svg,250px,[[S.A. (corporation)|Sociedad Anónima]],{{BVC|BCOLOMBIA}} <br> {{nyse|CIB}},{{Start date and age|df|=|yes|1875|01|29}} (as '''Banco de Colombia'''),,,"[[Colombia]], [[Cayman Islands]], [[El Salvador]], [[Panama]], [[Puerto Rico]], [[Guatemala]], [[Peru]]","Juan Carlos Mora Uribe, ([[President (corporate title)|President]] and [[CEO]])",[[Financial services]],[[Banking]],{{profit}} US$4.3&nbsp;billion (2022),{{profit}} US$1.4&nbsp;billion (2022),"34,756 (2023)",,,{{Official website}},Estación Industriales (Metro de Medellín).jpg,,,,{{profit}} US$50.5&nbsp;billion (2022),,,[[Banistmo]]<br>[[Banco Agricola]]<br>[[Banco Agromercantil]],Headquarters in Medellin,[[Medellín]],[[Colombia]],,,,,,,,,,,,,,,,,,,,,
Banco Bradesco S.A.,,250px,[[S.A. (corporation)|Sociedade Anônima]],{{B3 (stock exchange)|cvm|=|906|BBDC3|BBDC4}} <br> {{nyse|BBD}} <br> {{BMAD|BRBBDCACNPR8|XBBDC}} <br>[[Ibovespa|Ibovespa Component]],"{{start date and age|1943|03|10}} in [[Marília]], [[São Paulo (state)|São Paulo]], [[Brazil]]",[[Osasco]],[[Brazil]],Worldwide,"Luiz Carlos Trabuco Cappi <small>([[Chairman]])</small>,<br />Alexandre da Silva Glüher <small>([[Vice Chairman]])</small>,<br />Marcelo de Araújo Noronha <small>([[Chief executive officer|CEO]])</small>",[[Financial services]],[[Bank]]ing<br/>[[Investment banking]]<br/>[[Private equity]]<br>[[Asset management]]<br>[[Private banking]]<br/>[[Insurance]]<br>[[Retail Banking]],{{increase}} [[United States dollar|US$]] 40.0 billion <small>(2023)</small>,{{decrease}} [[United States dollar|US$]] 3.3 billion <small>(2023)</small>,"86,200",,,[http://banco.bradesco banco.bradesco],,,,,{{increase}} [[US$]] 407.7 billion <small>(2023)</small>,,,[[Bradespar]]<br>[[Bradesco Seguros]],,,,{{ISIN|sl|=|n|pl|=|y|US0594603039}},[[Amador Aguiar]],"5,314 [[branch (banking)|branches]]",{{Unbulleted list|[[Banking]]|[[Financing]]|[[Insurance]]}},Ba3 ([[Moody's]]) <br> BB+ ([[Standard & Poor's|S&P]]),,,,,,,,,,,,,,,,
Banco de Chile,Banco de Chile logo.svg,,[[S.A. (corporation)|Sociedad Anónima]],{{BCS|CHILE}} <br/> {{NYSE|BCH}} <br/> {{BMAD|isin|=|CLP0939W1081|XBCH}},October 1893,,,,"{{unbulleted list|[[Pablo Granifo Lavín]] <small>(Chairman)</small> |[[Arturo Tagle Quiroz]] |small|(CEO)|[[Andrónico Luksic Craig]] <small>(Vice President)</small>
|Francisco Aristeguieta Silva <small>(Vice President)</small>}} {{small|(CEO)}}",[[Banking]],,{{increase}} [[United States dollar|US$]] 3.8 billion <small>(2017)</small>,"{{increase}} [[United States dollar|US$]] 888.4 million <small>(2017)
</small>","14,581",,,{{url|bancochile.cl}},Banco de Chile.jpg,"[[Santiago, Chile]]",,,{{increase}} [[United States dollar|US$]] 55.0 billion <small>(2018)</small>,,,[[SM-Chile]],,,,,,,,,[[Quiñenco]] (29%)<br /> [[Citigroup]] (29%),,,,,,,,,,,,,,,
Banco do Brasil S.A.,Banco do Brasil Logo.svg,250,[[S.A. (corporation)|Sociedade Anônima]],{{B3 (stock exchange)|cvm|=|1023|BBAS3}} <br>[[Ibovespa|Ibovespa Component]],"[[Rio de Janeiro]], [[Captaincy of Rio de Janeiro|Rio de Janeiro]], [[State of Brazil|Brazil]]<br />( {{Start date and age|1808|10|12}} )",,,,[[Tarciana Medeiros]] ([[Chairperson|Chairwoman]] and [[Chief executive officer|CEO]]),[[Financial services]],{{hlist| [[Retail banking]] | [[Commercial bank|corporate banking]]| [[investment banking]]| [[insurance]]| [[private banking]]| [[private equity]]| [[mortgage loans]]| [[credit cards]]| [[investment management]]| [[wealth management]] | [[asset management]] | [[mutual funds]]| [[exchange-traded fund]]s| [[index fund]]s}},{{increase}} [[US$]] 53.0&nbsp;billion <small>(2017)</small>,{{increase}} [[Brazilian Real|R$]] 19.7&nbsp;billion <small>(2021)</small>,"{{decrease}} 84,597 <small>(2021)</small>",,,{{URL|bb.com.br}},BBsedeI-a.jpg,,,,{{increase}} [[Brazilian Real|R$]] 1.9&nbsp;trillion <small>(2021)</small>,,,[[Banco Votorantim]]<br>[[Banco Patagonia]]<br>BB Seguridade<br>Banco do Brasil Americas<br/>BrasilPrev<br/>[[BB Tecnologia e Serviços]],"Headquarters in [[Brasília]], [[Brazil]]","[[Brasília]], [[Federal District (Brazil)|Federal District]]",[[Brazil]],,[[John VI of Portugal]],,,,[[Federal government of Brazil|Brazilian Government]] (50.0%) <small>(2021)</small>,,,,,,,,,,,,,,,
Santander Chile Holding S.A.,Banco Santander Logotipo.svg,200px,[[S.A. (corporation)|Sociedad Anónima]],{{bcs|BSANTANDER}} <br /> {{New York Stock Exchange|BSAC}},1978,,,,"[[Mauricio Larraín]], <small>([[CEO]])</small>",[[Financial services|Finance and Insurance]],Banking,{{increase}} [[US$]] 4.1 billion <small>(2017)</small>,{{increase}} [[US$]] 871.1 million <small>(2018)</small>,"11,001",[[Santander Group]],,{{url|http://www.santander.cl}},,"[[Santiago, Chile]]",,,{{Increase}} [[US$]] 58.0 billion <small>(2018)</small>,,,,,,,,,,,,,,,,,,,,,,,,,,,
BRF S.A.,BRF S.A. logo.svg,150px,[[Public company|Public]],{{B3 (stock exchange)|cvm|=|16292|BRFS3}} <br> {{nyse|BRFS}} <br>[[Ibovespa|Ibovespa Component]],"{{start date and age|August 18, 1934}}",,,Worldwide,Lorival Nogueira Luz Jr. (CEO) <Br> [[Pedro Parente]] (chairman),[[Food processing]],[[Meats]]<br/>[[Ultra-processed food]]<br/>[[Margarine]]s<br/>[[Pasta]]<br/>[[Pizza]]s<br/>[[Vegetables|Frozen vegetables]],{{increase}} US$ 10.8 billion (2023),{{decrease}} US$ 343.0 million (2023),"over 100,000",,,{{url|www.brf-global.com/en|brf-global.com}},,,,,,,,OneFoods,,"[[Itajaí]], [[Santa Catarina (state)|Santa Catarina]]",Brazil,,,,,,,Perdigão SA (1934-2009)<BR> BRF - Brasil Foods SA (2009-2013),,,,,,,,,,,,,,
Motiva,Motiva.svg,,[[S.A. (corporation)|Sociedade Anônima]],{{B3 (stock exchange)|cvm|=|18821|MOTV3}} <br>[[Ibovespa|Ibovespa Component]],1999,,,,Miguel Setas  ([[Chief executive officer|CEO]]),[[Transportation]],"[[Highways|Administration of highways]] <br> [[Metro system]] <br> [[Airport]] operation <br> [[Vehicle inspection]],",{{profit}} US$ 2.2 &nbsp;billion <SMALL>(2017)</SMALL>,{{increase}} US$ 543.1 &nbsp;million <SMALL>(2017)</SMALL>,"7,129",,,{{url|https://www.motiva.com.br/}},,"[[São Paulo]], [[Brazil]]",,,,,,,,,,,,,,,,,,,,,,,,,,,,,,
CEMEX S.A.B. de C.V.,Cemex_logo_2023.png,250px,[[S.A. (corporation)|Sociedad Anónima Bursátil de Capital Variable]],{{BMV|CEMEX|5203}} <br /> {{NYSE|CX}} <<br/> {{Pse|CHP}},{{start date and age|1906|df|=|yes}},,,Worldwide,Rogelio Zambrano Lozano<br> {{small|(Executive Chairman)}} <br>Jaime Muguiro<br> {{small|(CEO)}},[[Building materials]],"Cement, ready-mix concrete, and construction aggregates",{{decrease}} US$ 13 billion <small>(2020)</small>,{{decrease}} (US$ 1.47 billion) <small>(2020)</small>,"41,000+",,,[http://www.cemex.com/ www.cemex.com],,"[[Monterrey]], [[Nuevo León]], [[Mexico]]",,,{{decrease}} US$ 27.4 billion <small>(2020)</small>,,,,,,,,Lorenzo Zambrano Gutierrez,,,,,,,,,,,,,,,,,,,
Centros Comerciales Sudamericanos S.A.,Cencosud-2014.svg,,[[Public company|Public]],{{BCS|CENCOSUD}},{{start date and age|1960}},,,,[[Horst Paulmann|Horst Paulmann Kemna]],[[Retailer|Retail]],[[Hypermarkets]] <br /> [[Supermarkets]] <br /> [[Shopping malls]] <br /> [[Department stores]],{{increase}} [[United States dollar|US$]] 19.0 billion <small>(2012)</small>,{{decrease}} [[United States dollar|US$]] 562.6 million <small>(2012)</small>,"126,530",,,[https://www.tarjetacencosud.cl/publico/home www.cencosud.com],,"[[Santiago, Chile|Santiago]], Chile",{{ublist|[[Argentina]]|[[Brazil]]|[[Chile]]|[[Colombia]]|[[Peru]]|[[United States]]}},,,,,,,,,,,,,,,,,,,,,,,,,,,,,
Credicorp Ltd.,,,[[Public company|Public]],[[Lima Stock Exchange|BVL]]:BAP<br> {{NYSE|BAP}},1995,,,,Luis Romero Belismelis (chairman)<br />Gianfranco Ferrari (CEO),{{unbulleted list|Finance|Commercial Banking|Insurance}},,,,,,,,Logo Credicorp.png,Peru,,,,,,,,,,,,,,,,,,,,,,,,,,,,,,
Ecopetrol S.A.,Ecopetrol logo.svg,200px,[[S.A. (corporation)|Sociedad Anónima]],{{BVC|ECOPETROL}} <br> {{NYSE|EC}} <br> {{FWB|ECHA}},{{Start date and age|1921}} <br/>(Tropical Oil Company - Mares Concession),,,,"Ricardo Roa, ([[Chairman]] & [[CEO]])",[[Petroleum industry|Oil and Gas]],oil and gas,{{increase}} {{US$|34.3}} {{nbsp}} billion,,"9,315",,,{{URL|http://www.ecopetrol.com.co/}},,,,{{increase}} {{US$|8.7}} {{nbsp}} billion,{{increase}} {{US$|73}} {{nbsp}} billion,,,,,[[Bogotá]],[[Colombia]],,{{Start date and age|1951}} <br/>(Ecopetrol - created in 1948 by means of Law 165 of that year),,,,,,2023,2023,2023,,,,,,,,,,,
Empresas CMPC S.A.,Logo-cmpc.svg,,{{Lang|es|[[S.A. (corporation)|Sociedad Anónima]]}},{{BCS|CMPC}},{{start date and age|1920|3|12|df|=|y}},,,,"[[Luis Felipe Gazitua]], <small>([[Chairman]])</small> <br> Francisco Ruiz-Tagle Edwards, <small> ([[CEO]])</small>",[[Pulp and Paper]],,{{increase}} [[US$]] 5.1 billion <small>(2017)</small>,{{increase}} [[US$]] 103.0 million <small>(2017)</small>,"17,500 (2015 average)",,,[http://www.cmpc.cl www.cmpc.cl],,"[[Santiago, Chile]]",,,,,,[[Forestal Mininco]],,,,,,,,,,,,,,,,,,,,,,,,
Empresas Copec S.A.,,,[[S.A. (corporation)|Sociedad Anónima]],{{BCS|COPEC}},1934,,,,"Roberto Angelini Rossi, <small>([[Chairman]])</small> <br> Eduardo Navarro Beltrán, <small>([[CEO]])</small>",[[Energy]],[[Forestry]]<br>[[Fuel]]<br>[[Fishing]]<br>Other Investments,{{profit}} [[US$]]22.7 billion <small>(2012)</small>,{{decrease}} [[US$]]409.6 million <small>(2012)</small>,"8,644",[[AntarChile]],,[http://www.ec.cl www.ec.cl],,,,,,,,"[[Celulosa Arauco y Constitución]], MAPCO Express (USA), Metrogas, among others.",,"[[Santiago, Chile|Santiago]]",[[Chile]],,,,,,,,,,,,,,,,,,,,,
Enel Américas S.A.,Enel Group logo.svg,,[[S.A. (corporation)|Sociedad Anónima]],"{{Unbulleted list|BCS|ENELAM|
[[Bolsa Electronica de Chile|BEC]]}} {{BCS|ENELAM}}",1889,,,,,[[Electric Energy]],"[[Electricity generation]], [[Electricity transmission|transmission]] and [[Electricity distribution|distribution]]","{{increase}} [[United States dollar|US$]] 4,825 million (2022)",{{increase}} [[United States dollar|US$]] 44 million (2022),"16,072",[[Enel]],,[https://www.enelamericas.com  www.enelamericas.com],,,,,,,,{{Unbulleted list|[[Enel Colombia]]<Br> [[AES Eletropaulo|Enel Distribuição São Paulo]]|[[Enel Distribuição Río]]|[[EGP Brasil]]|[[Volta Grande]]|[[Cachoeira Dourada]]|[[EGP Costa Rica]]|[[EGP Guatemala]]|[[EGP Panamá]]}},,"[[Santiago, Chile|Santiago]]",[[Chile]],,,,,,,,,,,,,,,,,,,,,
Gerdau S.A.,Gerdau logo (2011).svg,,[[S.A. (corporation)|Sociedade Anônima]],{{B3 (stock exchange)|cvm|=|3980|GGBR3|GGBR4}} <br> {{NYSE|GGB}} <br> {{BMAD|isin|=|BRGGBRACNPR8|XGGB}} <br>[[Ibovespa|Ibovespa Component]],{{start date and age|1901|01|16}},,,,"{{nowrap|Guilherme Chagas Gerdau Johannpeter, [[Chairman]]<BR>[[André Bier Gerdau Johannpeter]], co-Vice Chairman<BR>Claudio Johannpeter, co-Vice Chairman<BR>Gustavo Werneck da Cunha, [[CEO]]}}",[[Ferrous metallurgy]],"Long steel, specialty steel, flat steel, and other steel products",{{decrease}} [[Brazilian real|R$]]68.916 billion (2023),{{increase}} [[Brazilian real|R$]]7.536 billion (2023),"27,371 (2023)",,,{{URL|https://www2.gerdau.com/}},,"[[Porto Alegre]], [[Rio Grande do Sul|RS]], Brazil",,,{{increase}} [[Brazilian real|R$]]74.885 billion (2023),{{increase}} [[Brazilian real|R$]]49.238 billion (2023),,,,,,,[[João Gerdau]],,,,,,,,,,,,,,,,,,,
"Grupo Financiero Banorte, S.A.B. de C.V.",Banorte (banking and financial services holding company) logo.svg,250px,[[S.A. (corporation)|Sociedad Anónima Bursátil de Capital Variable]],{{unbulleted list|BMV|GFNORTE|5433|BMAD|isin|=|MXP370711014|XNOR}} {{BMV|GFNORTE|5433}} {{BMAD|isin|=|MXP370711014|XNOR}},{{start date and age|df|=|yes|1899}},,,Mexico,"[[Carlos Hank González (businessman, born 1971)|Carlos Hank González]] <br/><small>(Chairman)</small>
                   José Marcos Ramírez Miguel <br/><small>(CEO)</small>",[[Finance and Insurance]],,{{increase}} Mx$ 212.3 billion <small>(2021)</small> <br/> {{increase}} US$ 10.3 billion,{{increase}} Mx$ 35 billion <small>(2021)</small> <br/> {{increase}} US$ 1.7 billion,"27,000",,,[http://www.banorte.com www.banorte.com],,"[[Monterrey]], [[Mexico]]",,,{{increase}} Mx$ 1850.9 billion <small>(2021)</small> <br/> {{increase}} US$ 89.5 billion,,,,,,,,,,"commercial banking, pensions, insurance, brokerage",,,,,,,"1,269 branches",,,,,,,,,,
Grupo México S.A.B. de C.V.,Logo de Grupo México.svg,,[[Public company|Public]],{{BMV|GMEXICO B|6008}},{{start date and age|df|=|yes|1978}} {{citation needed|date|=|March 2022}},,,,[[Germán Larrea Mota-Velasco]]  <small>([[Chairman]] & [[CEO]])</small>,"[[Mining]], [[Logistics]], [[Infrastructure]]","[[Iron Ore]], [[Copper]], [[Railway transport]]",{{decrease}} [[United States dollar|US$]] 13.8 billion <small>(2022)</small>,{{decrease}} [[United States dollar|US$]] 3.2 billion <small>(2022)</small>,"30,263",,,{{URL|https://www.gmexico.com/}},,"[[Mexico City]], [[Mexico]]",,,,,,,,,,,,,,,,,,,,,,,,,,,,,,
"Grupo Televisa, S.A.B.",Logo de Grupo Televisa.svg,,[[Public company|Public]],{{BMV|TLEVISA|5720}} <br /> {{nyse|TV}} (ADR),{{start date and age|1973|01|08|df|=|y}},,,Worldwide,(co-CEOs)<br/>[[Alfonso de Angoitia]]<br>[[Bernardo Gómez Martínez]]<br>[[José Bastón Patiño]],[[Mass media]],"Broadcasting, cable TV, telecommunications","{{increase}} US$7,561,872,519.00 (2018)","{{decrease}} US$387,545,547.00 million (2018)","42,900 approximate {{increase}}",,,{{URL|www.televisa.com}} <br /> {{URL|www.televisa.com/corporativo}} (corporate),TELEVISA CHAPULTEPEC.jpg,,,,,,,[[TelevisaUnivision]] (45%)<br />[[Noticieros Televisa|Tritón Comunicaciones]]<br />[[Sky México]]<br />[[Izzi Telecom|Izzi]]<br />[[Televisa#Bestel|Bestel]],,[[Mexico City]],Mexico,,[[Emilio Azcárraga Milmo]],,,,,Televisión Vía Satélite SA (1973–1980s)<br>Televisa SA (1980s–1991)<br>Televisa SA de CV (1991–2021),,,,,Grupo Televisa,[[Telesistema Mexicano]]<br />[[Televisión Independiente de México]],"{{Plainlist|
* [[Las Estrellas]]
* [[Canal 5 (Mexican TV channel)|Canal 5]]
* [[Nueve (Mexican TV network)|Nu9ve]]
* [[Foro (TV channel)|Foro]]
* [[Bandamax]]
* [[BitMe]]
* [[De Película]]
* [[De Película Clásico]]
* [[Distrito Comedia]]
* [[Telehit]]
* [[Telehit Música]]
* [[TUDN (brand)|TUDN]]
* [[Tlnovelas]]}}",[[Organización de Telecomunicaciones de Iberoamérica]],,,,,,
Interconexión Eléctrica S.A.,Logo Interconexión Eléctrica.png,200px,[[S.A. (corporation)|Sociedad Anónima]],{{BVC|ISA}} <br> {{OTCQX|IESFY}},1967,,,"[[Colombia]], [[Peru]], [[Brazil]], [[Bolivia]], [[Chile]], [[Argentina]]",Jorge Andrés Carrillo ([[CEO]]),[[Utilities]],,{{increase}} {{US$|3.3}} {{nbsp}} billion,{{increase}} {{US$|577}} {{nbsp}} million,"~4,000",[[Colombian government]],,{{URL|http://www.isa.co/en/}},,,,,,,,,,[[Medellín]],[[Colombia]],,,,,,,,2023,,,,,,,,2023,,,,,
Itaú Unibanco S.A.,Itaú Unibanco logo 2023.svg,150px,[[S.A. (corporation)|Sociedade Anônima]],{{B3 (stock exchange)|cvm|=|19348|ITUB3|ITUB4}} <br> {{NYSE|ITUB}},{{start date and age|2008|11|04|df|=|y|br|=|y}},,,Worldwide,{{unbulleted list|Milton Maluhy Filho ([[Chief executive officer|CEO]])|[[Pedro Moreira Salles]] ([[Chairman]])|[[Giancarlo Moreira]] ([[CFO]])}},[[Financial services]],{{hlist| [[Retail banking]] | [[Commercial bank|corporate banking]]| [[investment banking]]| [[insurance]]| [[private banking]]| [[private equity]]| [[mortgage loans]]| [[credit cards]]| [[investment management]]| [[wealth management]] | [[asset management]] | [[mutual funds]]| [[exchange-traded fund]]s| [[index fund]]s}},"{{profit}} [[United States dollar|US$]] 27,2 billion <small>(2024)</small>",{{profit}} [[United States dollar|US$]] 6.4 billion <small>(2024)</small>,"{{Collapsible list |title|=|99,600 |ref| name=""ItaúRI21""|[[Brazil]]: 92,900|World: 12,300}}",[[Itaúsa]],[[Banco Itaú]]<br/>[[Unibanco]],{{url|www.itau.com.br}},File:Arq088 01 15.jpg,"[[São Paulo]], [[São Paulo (state)|São Paulo]], [[Brazil]]",,,{{profit}} [[United States dollar|US$]] 491.6 billion <small>(2024)</small>,,,[[Corpbanca|Itaú CorpBanca]]<br>[[Banco Itaú Paraguay|Itaú Paraguay]]<br>Itaú Uruguay<br>[[Redecard|Rede]]<br>Hiper<br>[[Credicard]],Headquarters in São Paulo,,,,,,,,,,,,,,,,,,,,,,,
Lojas Renner S.A.,Logotipo das Lojas Renner.svg,,[[S.A. (corporation)|Sociedade Anônima]],{{B3 (stock exchange)|cvm|=|8133|LREN3}} <br>[[Ibovespa|Ibovespa Component]],1912,,,,"José Galló, <small>([[Chairman]])</small><br> Fabio Faccio,<small> ([[CEO]])</small>",[[Department store]],[[Clothing]],{{profit}} US$ 2.1&nbsp;billion <small> (2019) </small>,{{profit}} US$ 272.0&nbsp;million <small> (2019) </small>,"22,334",,,[http://www.lojasrenner.com.br www.lojasrenner.com.br],,"[[Porto Alegre]], [[Brazil]]",,,,,,,,,,,,,,,,,,,,,,,,,,,,,,
Magazine Luiza S.A.,Magalu - novo logo.png,,[[S.A. (corporation)|Sociedade Anônima]],,,,,,CEO: [[Frederico Trajano]] <br/> Chair: [[Luiza Trajano]],[[Retail]],,[[Brazilian Real|R$]] 56 billion <small>(2021)</small>,[[Brazilian Real|R$]] 590.7 million <small>(2021)</small>,,,,{{official|https://www.magazineluiza.com.br}},,"[[Franca|Franca, Brazil]]",,,,,,,,,,,,,,,,,,,,,,,,,,,,,,
Natura &Co Holding S.A.,[[File:Natura&Co.svg|frameless|class=skin-invert]],,[[Public company|Public]],{{B3 (stock exchange)|cvm|=|24783|NTCO3}} <br />[[Ibovespa|Ibovespa Component]],{{start date and age|1969}},,,Worldwide,Roberto Marques ([[Chairman]])<br />João Paulo Ferreira ([[CEO]]) <br />Leandro Galvao ([[CFO]]),[[Cosmetics]],,{{profit}} [[Brazilian real|R$]] 36.9 billion <small>(2020)</small>,{{decrease}} [[Brazilian real|R$]]  399.5 million <small>(2020)</small>,"35,000",,,,,,,,,,,[[Natura]]<br>[[Avon Products]],,[[São Paulo]],Brazil,,,,,,,,,,,,,,,,,{{URL|https://www.naturaeco.com/}},,,,
PagSeguro Digital Ltd.,Logo PagBank.png,,[[Public company |Public]],{{NYSE|PAGS}},,[[São Paulo]],"[[Brazil]] (operational); [[Grand Cayman]], [[Cayman Islands]] (legal domicile)",,,{{ubl|[[Financial services]]|[[Mobile Payment]]|[[Point of sale]]}},Electronic payment systems,{{profit}} US$ 761.2 million,{{profit}} US$ 144.4 million,,,,,,,,,,,,,,,,,,,,,[[Universo Online]] (UOL),,2017,,,,,,,,2017,{{URL|https://pagbank.com.br/}},{{start date and age |2006}},,,
Petrobras<br/>Petróleo Brasileiro S.A.,Petrobras horizontal logo.svg,255px,[[Public company|Public]] [[S.A. (corporation)|S.A.]],"{{unbulleted list|
| |B3 (stock exchange)|cvm|=|9512|PETR3|PETR4|
| |New York Stock Exchange|PBR|, |NYSE link|PBR.A|
| |BMAD|isin|=|BRPETRACNOR9|XPBR|
| [[Ibovespa]] component
| [[S&P Latin America 40]] component
| [[S&P Global 1200]] component}} {{B3 (stock exchange)|cvm|=|9512|PETR3|PETR4}} {{New York Stock Exchange|PBR}} , {{NYSE link|PBR.A}} {{BMAD|isin|=|BRPETRACNOR9|XPBR}}",{{start date and age|3 October 1953}},,[[Brazil]],Worldwide,"{{Unbulleted list
| [[Magda Chambriard]] ([[CEO]])
| Pietro Sampaio ([[Chairman]])
| Giancarlo Moreira ([[Board Member]])}}",[[Energy industry|Energy]]: [[Oil and gas industry|Oil and gas]],[[Petroleum]]<br>[[Petroleum products]]<br>[[Natural gas]]<br>[[Lubricant]]<br>[[Petrochemical]]s<br>[[Fertilizer]]s<br>[[Biofuel]]s,{{increase}} [[United States dollar|US$]] 124.47 billion,{{increase}} [[United States dollar|US$]] 36.62 billion,"45,532 <small>(2021)</small>",,,,Sede Petrobras en Río de Janeiro.jpg,,,{{increase}} [[United States dollar|US$]] 37.5 billion <small>(2021)</small>,{{decrease}} [[United States dollar|US$]] 174.3 billion <small>(2021)</small>,{{decrease}} [[United States dollar|US$]] 69.8 billion <small>(2021)</small>,,"{{Hlist
| [[Transpetro]]
| [[Braskem]]
| Petrobras Biocombustível}}","Petrobras headquarters in downtown [[Rio de Janeiro]], built by Odebrecht S.A.",,,{{Unbulleted list|ISIN|sl|=|n|pl|=|y|BRPETRACNOR9|ISIN|sl|=|n|pl|=|y|BRPETRACNPR6}} {{ISIN|sl|=|n|pl|=|y|BRPETRACNOR9}} {{ISIN|sl|=|n|pl|=|y|BRPETRACNPR6}},[[Federal Government of Brazil|Government of Brazil]],,,,"Government of Brazil (29.02%) {{efn|A further 6.98% is owned by state-run bank BNDES, with its subsidiary BNDESPar owning another 1.05%.}}",,<small>2022</small>,,,,,,,,<small>2022</small>,{{URL|https://petrobras.com.br/en/|petrobras.com.br}},,[[Rio de Janeiro]],{{convert|3.40|e6BOE|lk|=|in}} per day <small>(2023)</small>,
Falabella S.A.,Grupo_Falabella_logotipo.png,,[[Public company|Public]],{{bcs|FALABELLA}},{{start date and age|1889}},,,,Carlo Solari Donaggio ([[chairman]])<br />Alejandro González Dale ([[CEO]]),Retail,[[Shopping mall|Mall]]s<br />Supermarkets<br />Banking<br />Clothing,{{profit}} US$14.6 billion (2017),{{profit}} US$828.9 million  (2017),"113,378 (2017)",,,{{url|www.falabella.com/inversionistas}},,,,,,,,,,"[[Santiago, Chile|Santiago]]",Chile,,,,,,,,,,,,,,,,,,,,,
Sociedad Química y Minera de Chile S.A,Sociedad Química y Minera logo.svg,150px,[[S.A. (corporation)|Sociedad Anónima]],{{ubl|BCS|SQM-A|BCS|SQM-B|NYSE|SQM}} {{BCS|SQM-A}} {{BCS|SQM-B}} {{NYSE|SQM}},{{Start date and age|1968|6|11}},,,,Ricardo Ramos (CEO) <br>[[Julio Ponce Lerou]],Chemicals and mining,{{ubl|[[Industrial chemical]] | [[Iodine]] | [[Lithium]] | [[Potassium]] | Specialty plant nutrition}},"{{nowrap|profit| |US$|2.86&nbsp;billion|link|=|yes| (2021)|ref| name=""ar2021""}} {{profit}} {{US$|2.86&nbsp;billion|link|=|yes}} (2021)","{{nowrap|profit| |US$|592 million| (2021)|ref| name=""ar2021""}} {{profit}} {{US$|592 million}} (2021)","8,344",,,{{URL|www.sqm.com}},,"[[Santiago, Chile]]",,"{{nowrap|profit| |US$|927 million| (2021)|ref| name=""ar2021""}} {{profit}} {{US$|927 million}} (2021)","{{nowrap|profit| |US$|7.04 billion| (2021)|ref| name=""ar2021""}} {{profit}} {{US$|7.04 billion}} (2021)","{{nowrap|profit| |US$|3.22 billion| (2021)|ref| name=""ar2021""}} {{profit}} {{US$|3.22 billion}} (2021)",,,,,,{{ISIN|sl|=|n|pl|=|y|US8336351056}} (ADR),,,,,,,,,,,,,,,,,,,,
Southern Copper Corporation,Southern Copper Corporation logo.svg,,[[Public company]],{{BVL|id|=|75850|SCCO}} <br> {{NYSE|SCCO}} <br>[[Russell 1000 Index|Russell 1000 Component]],{{start date and age|1952}},,,,{{nowrap|[[Oscar González Rocha]] (CEO)}},[[Mining]],[[Copper]] <br> [[Molybdenum]] <br> [[Zinc]] <br> [[Silver]],{{increase}} {{US$|11.433&nbsp;billion|link|=|yes}} (2024),{{increase}} US$3.376&nbsp;billion (2024),"16,133 (2024)",,,{{URL|http://www.southerncoppercorp.com/}},,"[[Phoenix, Arizona]]",,,{{increase}} US$18.713&nbsp;billion (2024),{{increase}} US$9.238&nbsp;billion (2024),,,,,,,,,,,[[Grupo México]] (88.9%),,,,,,,,,,,,,,,
Walmart de México S.A.B. de C.V.,Walmart México y Centroamérica logo.svg,260px,[[Public company|Public]] [[subsidiary]],{{BMV|WALMEX V|5214}},{{start date and age|df|=|yes|1986}},,,,Guilherme Loureiro ([[Chief executive officer|CEO]]) <br />Eduardo Solórzano Morales ([[Chair (official)|chairman]]),[[Retail]],,{{profit}} US$31.7&nbsp;billion (2012),{{profit}} US$1.7&nbsp;billion (2012),"219,767",[[Walmart]] (70%),,{{URL|https://www.walmart.com.mx/|walmart.com.mx}},Walmart avila camacho .jpg,"[[Mexico City, Mexico]]",,,,,,[[Bodega Aurrerá]],Walmart branch in [[Guadalajara]],,,,Jerónimo Arango,"4,079 (total) <br/>3,154 in Mexico and 925 in Central America",,,,,,,,,,,,,,,,,,2025
WEG S.A.,Weg logo blue vector.svg,150,[[S.A. (corporation)|Sociedade Anônima]],{{B3 (stock exchange)|cvm|=|5410|WEGE3}} <br>[[Ibovespa|Ibovespa Component]],{{start date and age|16 September 1961}},,,Worldwide,Décio da Silva ([[Chairman]]) <br>Alberto Kuba ([[CEO]]),[[Electrical equipment]],"electric motors, industrial automation and control, industrial sensors, generators, alternators, industrial gearboxes, transformers, switchgears, electrical substations, electric panels, BESS, wind and steam turbines, motor drives, coatings and varnishes",{{increase}} {{US$|6.82 billion|link|=|yes}} (2024),,"{{circa|40,000}}",,,{{URL|weg.net}},"WEG II, Asa leste.jpg","[[Jaraguá do Sul]], [[Brazil]]",,,,,,,"Front view of ""WEG II, Asa Leste"", a unit of WEG Industries in Jaraguá do Sul",,,,,,,,,,,,,,,,,,,,,,,
